Command: python graphzoom_timed.py --embed_method graphsage --dataset cora --seed 42 --coarse cmg --level 3 --cmg_k 10 --cmg_d 15 -f
Configuration: cmg_l3
Wall clock start time: Mon Jul 28 10:58:39 AM EDT 2025
Wall clock start timestamp: 1753714719.020679781
========================================
%%%%%% Loading Graph Data %%%%%%
%%%%%% Starting Graph Reduction %%%%%%
**********************[CMG] Multi-level coarsening with 3 levels
[CMG] CMG parameters: k=10, d=15, threshold=0.1
[CMG] Processing original graph (no fusion)
[CMG] Starting CMG coarsening with k=10, d=15, threshold=0.1
[CMG] Input graph: 2708 nodes, 5278 edges
[CMG] Coarsening Level: 1
[CMG] Current nodes: 2708, edges: 5278
[DEBUG] Starting CMG filtered clustering pipeline
[DEBUG] Parameters: k=10, d=15, threshold=0.1
[DEBUG] λ_critical ≈ 0.3333 for filter order k = 10
[DEBUG] Original graph: 2708 nodes, 10556 edges
[DEBUG] Building normalized Laplacian
[TIMING] laplacian_construction: 0.002s
Applying spectral filter with k=10, input shape=(2708, 15)
Spectral filtering complete. Output shape=(2708, 15)
[TIMING] spectral_filtering: 0.006s
Reweighted adjacency matrix has 9536 nonzeros
[TIMING] graph_reweighting: 0.031s
[DEBUG] Reweighted graph: 9536 edges
[DEBUG] Calling CMG on reweighted Laplacian
[DEBUG] CMG found 941 clusters
[DEBUG] Converted clusters (0-indexed): [  0   1   2 ... 204 667 611]
[TIMING] cmg_clustering: 0.001s
[DEBUG] Unweighted graph: 2708 nodes, 10556 edges

[DEBUG] Cluster 0: 5 nodes [0, 8, 435, 544, 751]
[DEBUG][φ] cut=10, deg_S=24, deg_comp=10532.0

[DEBUG] Cluster 1: 3 nodes [1, 316, 344]
[DEBUG][φ] cut=29, deg_S=33, deg_comp=10523.0

[DEBUG] Cluster 2: 8 nodes [2, 68, 471, 842, 1045, 1443, 1540, 1632]
[DEBUG][φ] cut=19, deg_S=33, deg_comp=10523.0

[DEBUG] Cluster 3: 6 nodes [3, 197, 333, 463, 633, 749]
[DEBUG][φ] cut=17, deg_S=27, deg_comp=10529.0

[DEBUG] Cluster 4: 2 nodes [4, 170]
[DEBUG][φ] cut=1, deg_S=3, deg_comp=10553.0

[DEBUG] Cluster 5: 4 nodes [5, 1749, 2094, 2164]
[DEBUG][φ] cut=3, deg_S=9, deg_comp=10547.0

[DEBUG] Cluster 6: 4 nodes [6, 45, 220, 490]
[DEBUG][φ] cut=9, deg_S=17, deg_comp=10539.0

[DEBUG] Cluster 7: 2 nodes [7, 258]
[DEBUG][φ] cut=10, deg_S=12, deg_comp=10544.0

[DEBUG] Cluster 8: 2 nodes [9, 481]
[DEBUG][φ] cut=3, deg_S=5, deg_comp=10551.0

[DEBUG] Cluster 9: 5 nodes [10, 192, 193, 280, 705]
[DEBUG][φ] cut=15, deg_S=29, deg_comp=10527.0

[DEBUG] Cluster 10: 3 nodes [11, 624, 659]
[DEBUG][φ] cut=8, deg_S=14, deg_comp=10542.0

[DEBUG] Cluster 11: 5 nodes [12, 117, 155, 452, 513]
[DEBUG][φ] cut=4, deg_S=16, deg_comp=10540.0

[DEBUG] Cluster 12: 5 nodes [13, 482, 551, 578, 1877]
[DEBUG][φ] cut=11, deg_S=21, deg_comp=10535.0

[DEBUG] Cluster 13: 5 nodes [14, 384, 393, 437, 443]
[DEBUG][φ] cut=16, deg_S=24, deg_comp=10532.0

[DEBUG] Cluster 14: 4 nodes [15, 234, 254, 701]
[DEBUG][φ] cut=11, deg_S=17, deg_comp=10539.0

[DEBUG] Cluster 15: 8 nodes [16, 85, 118, 425, 465, 466, 2027, 2672]
[DEBUG][φ] cut=26, deg_S=40, deg_comp=10516.0

[DEBUG] Cluster 16: 2 nodes [17, 146]
[DEBUG][φ] cut=2, deg_S=4, deg_comp=10552.0

[DEBUG] Cluster 17: 3 nodes [18, 866, 890]
[DEBUG][φ] cut=5, deg_S=11, deg_comp=10545.0

[DEBUG] Cluster 18: 7 nodes [19, 74, 310, 424, 547, 571, 2331]
[DEBUG][φ] cut=45, deg_S=57, deg_comp=10499.0

[DEBUG] Cluster 19: 4 nodes [20, 267, 334, 732]
[DEBUG][φ] cut=5, deg_S=15, deg_comp=10541.0

[DEBUG] Cluster 20: 7 nodes [21, 296, 438, 550, 692, 710, 720]
[DEBUG][φ] cut=19, deg_S=33, deg_comp=10523.0

[DEBUG] Cluster 21: 3 nodes [22, 1768, 2257]
[DEBUG][φ] cut=7, deg_S=11, deg_comp=10545.0

[DEBUG] Cluster 22: 5 nodes [23, 93, 292, 725, 759]
[DEBUG][φ] cut=7, deg_S=15, deg_comp=10541.0

[DEBUG] Cluster 23: 3 nodes [24, 39, 269]
[DEBUG][φ] cut=1, deg_S=5, deg_comp=10551.0

[DEBUG] Cluster 24: 4 nodes [25, 56, 778, 1181]
[DEBUG][φ] cut=8, deg_S=14, deg_comp=10542.0

[DEBUG] Cluster 25: 5 nodes [26, 724, 1903, 2612, 2625]
[DEBUG][φ] cut=3, deg_S=11, deg_comp=10545.0

[DEBUG] Cluster 26: 2 nodes [27, 532]
[DEBUG][φ] cut=1, deg_S=3, deg_comp=10553.0

[DEBUG] Cluster 27: 2 nodes [28, 586]
[DEBUG][φ] cut=3, deg_S=5, deg_comp=10551.0

[DEBUG] Cluster 28: 4 nodes [29, 319, 429, 1514]
[DEBUG][φ] cut=5, deg_S=11, deg_comp=10545.0

[DEBUG] Cluster 29: 6 nodes [30, 231, 285, 486, 1148, 2276]
[DEBUG][φ] cut=9, deg_S=29, deg_comp=10527.0

[DEBUG] Cluster 30: 5 nodes [31, 708, 736, 1116, 1593]
[DEBUG][φ] cut=11, deg_S=19, deg_comp=10537.0

[DEBUG] Cluster 31: 2 nodes [32, 679]
[DEBUG][φ] cut=1, deg_S=3, deg_comp=10553.0

[DEBUG] Cluster 32: 2 nodes [33, 1701]
[DEBUG][φ] cut=5, deg_S=7, deg_comp=10549.0

[DEBUG] Cluster 33: 2 nodes [34, 35]
[DEBUG][φ] cut=4, deg_S=6, deg_comp=10550.0

[DEBUG] Cluster 34: 3 nodes [36, 871, 1591]
[DEBUG][φ] cut=13, deg_S=17, deg_comp=10539.0

[DEBUG] Cluster 35: 2 nodes [37, 563]
[DEBUG][φ] cut=5, deg_S=7, deg_comp=10549.0

[DEBUG] Cluster 36: 4 nodes [38, 273, 372, 1689]
[DEBUG][φ] cut=6, deg_S=14, deg_comp=10542.0

[DEBUG] Cluster 37: 4 nodes [40, 535, 761, 1560]
[DEBUG][φ] cut=7, deg_S=13, deg_comp=10543.0

[DEBUG] Cluster 38: 1 nodes [41]
[DEBUG][φ] cut=14, deg_S=14, deg_comp=10542.0

[DEBUG] Cluster 39: 5 nodes [42, 189, 395, 2102, 2664]
[DEBUG][φ] cut=10, deg_S=20, deg_comp=10536.0

[DEBUG] Cluster 40: 20 nodes [43, 73, 91, 113, 175, 235, 315, 336, 349, 353, 368, 369, 494, 526, 545, 599, 610, 620, 628, 747]
[DEBUG][φ] cut=62, deg_S=100, deg_comp=10456.0

[DEBUG] Cluster 41: 6 nodes [44, 116, 225, 760, 2042, 2428]
[DEBUG][φ] cut=11, deg_S=21, deg_comp=10535.0

[DEBUG] Cluster 42: 2 nodes [46, 301]
[DEBUG][φ] cut=5, deg_S=7, deg_comp=10549.0

[DEBUG] Cluster 43: 2 nodes [47, 87]
[DEBUG][φ] cut=4, deg_S=6, deg_comp=10550.0

[DEBUG] Cluster 44: 4 nodes [48, 1783, 2348, 2682]
[DEBUG][φ] cut=2, deg_S=10, deg_comp=10546.0

[DEBUG] Cluster 45: 3 nodes [49, 222, 581]
[DEBUG][φ] cut=4, deg_S=8, deg_comp=10548.0

[DEBUG] Cluster 46: 3 nodes [50, 150, 643]
[DEBUG][φ] cut=8, deg_S=14, deg_comp=10542.0

[DEBUG] Cluster 47: 5 nodes [51, 312, 577, 645, 1502]
[DEBUG][φ] cut=16, deg_S=24, deg_comp=10532.0

[DEBUG] Cluster 48: 4 nodes [52, 1823, 2487, 2580]
[DEBUG][φ] cut=7, deg_S=15, deg_comp=10541.0

[DEBUG] Cluster 49: 5 nodes [53, 357, 803, 1439, 1563]
[DEBUG][φ] cut=4, deg_S=18, deg_comp=10538.0

[DEBUG] Cluster 50: 3 nodes [54, 614, 615]
[DEBUG][φ] cut=7, deg_S=11, deg_comp=10545.0

[DEBUG] Cluster 51: 2 nodes [55, 361]
[DEBUG][φ] cut=5, deg_S=7, deg_comp=10549.0

[DEBUG] Cluster 52: 2 nodes [57, 306]
[DEBUG][φ] cut=9, deg_S=11, deg_comp=10545.0

[DEBUG] Cluster 53: 3 nodes [58, 990, 1891]
[DEBUG][φ] cut=10, deg_S=14, deg_comp=10542.0

[DEBUG] Cluster 54: 4 nodes [59, 872, 874, 1709]
[DEBUG][φ] cut=13, deg_S=19, deg_comp=10537.0

[DEBUG] Cluster 55: 2 nodes [60, 252]
[DEBUG][φ] cut=8, deg_S=10, deg_comp=10546.0

[DEBUG] Cluster 56: 2 nodes [61, 240]
[DEBUG][φ] cut=2, deg_S=4, deg_comp=10552.0

[DEBUG] Cluster 57: 3 nodes [62, 2425, 2474]
[DEBUG][φ] cut=9, deg_S=15, deg_comp=10541.0

[DEBUG] Cluster 58: 4 nodes [63, 153, 739, 1546]
[DEBUG][φ] cut=5, deg_S=11, deg_comp=10545.0

[DEBUG] Cluster 59: 3 nodes [64, 284, 583]
[DEBUG][φ] cut=11, deg_S=17, deg_comp=10539.0

[DEBUG] Cluster 60: 4 nodes [65, 743, 744, 2077]
[DEBUG][φ] cut=9, deg_S=19, deg_comp=10537.0

[DEBUG] Cluster 61: 3 nodes [66, 69, 149]
[DEBUG][φ] cut=14, deg_S=18, deg_comp=10538.0

[DEBUG] Cluster 62: 4 nodes [67, 729, 1945, 1993]
[DEBUG][φ] cut=6, deg_S=14, deg_comp=10542.0

[DEBUG] Cluster 63: 3 nodes [70, 931, 1692]
[DEBUG][φ] cut=10, deg_S=14, deg_comp=10542.0

[DEBUG] Cluster 64: 2 nodes [71, 677]
[DEBUG][φ] cut=7, deg_S=9, deg_comp=10547.0

[DEBUG] Cluster 65: 4 nodes [72, 104, 202, 771]
[DEBUG][φ] cut=8, deg_S=16, deg_comp=10540.0

[DEBUG] Cluster 66: 6 nodes [75, 1855, 1864, 2075, 2122, 2299]
[DEBUG][φ] cut=11, deg_S=27, deg_comp=10529.0

[DEBUG] Cluster 67: 2 nodes [76, 131]
[DEBUG][φ] cut=15, deg_S=17, deg_comp=10539.0

[DEBUG] Cluster 68: 7 nodes [77, 132, 143, 180, 337, 346, 363]
[DEBUG][φ] cut=3, deg_S=21, deg_comp=10535.0

[DEBUG] Cluster 69: 4 nodes [78, 214, 469, 587]
[DEBUG][φ] cut=9, deg_S=17, deg_comp=10539.0

[DEBUG] Cluster 70: 3 nodes [79, 1786, 2207]
[DEBUG][φ] cut=1, deg_S=5, deg_comp=10551.0

[DEBUG] Cluster 71: 3 nodes [80, 2044, 2683]
[DEBUG][φ] cut=6, deg_S=10, deg_comp=10546.0

[DEBUG] Cluster 72: 1 nodes [81]
[DEBUG][φ] cut=1, deg_S=1, deg_comp=10555.0

[DEBUG] Cluster 73: 2 nodes [82, 1440]
[DEBUG][φ] cut=11, deg_S=13, deg_comp=10543.0

[DEBUG] Cluster 74: 7 nodes [83, 186, 277, 294, 588, 665, 699]
[DEBUG][φ] cut=39, deg_S=55, deg_comp=10501.0

[DEBUG] Cluster 75: 2 nodes [84, 715]
[DEBUG][φ] cut=11, deg_S=13, deg_comp=10543.0

[DEBUG] Cluster 76: 4 nodes [86, 249, 373, 652]
[DEBUG][φ] cut=2, deg_S=12, deg_comp=10544.0

[DEBUG] Cluster 77: 2 nodes [88, 762]
[DEBUG][φ] cut=9, deg_S=11, deg_comp=10545.0

[DEBUG] Cluster 78: 7 nodes [89, 264, 436, 634, 635, 651, 660]
[DEBUG][φ] cut=25, deg_S=37, deg_comp=10519.0

[DEBUG] Cluster 79: 2 nodes [90, 680]
[DEBUG][φ] cut=3, deg_S=5, deg_comp=10551.0

[DEBUG] Cluster 80: 6 nodes [92, 303, 1944, 2091, 2438, 2617]
[DEBUG][φ] cut=15, deg_S=25, deg_comp=10531.0

[DEBUG] Cluster 81: 2 nodes [94, 126]
[DEBUG][φ] cut=2, deg_S=4, deg_comp=10552.0

[DEBUG] Cluster 82: 4 nodes [95, 358, 894, 1255]
[DEBUG][φ] cut=3, deg_S=11, deg_comp=10545.0

[DEBUG] Cluster 83: 3 nodes [96, 215, 2061]
[DEBUG][φ] cut=8, deg_S=12, deg_comp=10544.0

[DEBUG] Cluster 84: 5 nodes [97, 388, 420, 439, 2590]
[DEBUG][φ] cut=8, deg_S=18, deg_comp=10538.0

[DEBUG] Cluster 85: 5 nodes [98, 2036, 2198, 2695, 2696]
[DEBUG][φ] cut=6, deg_S=14, deg_comp=10542.0

[DEBUG] Cluster 86: 3 nodes [99, 2578, 2679]
[DEBUG][φ] cut=8, deg_S=14, deg_comp=10542.0

[DEBUG] Cluster 87: 3 nodes [100, 265, 758]
[DEBUG][φ] cut=2, deg_S=8, deg_comp=10548.0

[DEBUG] Cluster 88: 5 nodes [101, 2596, 2669, 2680, 2686]
[DEBUG][φ] cut=4, deg_S=14, deg_comp=10542.0

[DEBUG] Cluster 89: 2 nodes [102, 404]
[DEBUG][φ] cut=7, deg_S=9, deg_comp=10547.0

[DEBUG] Cluster 90: 2 nodes [103, 128]
[DEBUG][φ] cut=6, deg_S=8, deg_comp=10548.0

[DEBUG] Cluster 91: 2 nodes [105, 1326]
[DEBUG][φ] cut=11, deg_S=13, deg_comp=10543.0

[DEBUG] Cluster 92: 2 nodes [106, 597]
[DEBUG][φ] cut=4, deg_S=6, deg_comp=10550.0

[DEBUG] Cluster 93: 6 nodes [107, 108, 250, 498, 694, 898]
[DEBUG][φ] cut=18, deg_S=36, deg_comp=10520.0

[DEBUG] Cluster 94: 1 nodes [109]
[DEBUG][φ] cut=19, deg_S=19, deg_comp=10537.0

[DEBUG] Cluster 95: 7 nodes [110, 687, 741, 1157, 1564, 1700, 1704]
[DEBUG][φ] cut=15, deg_S=33, deg_comp=10523.0

[DEBUG] Cluster 96: 2 nodes [111, 350]
[DEBUG][φ] cut=7, deg_S=9, deg_comp=10547.0

[DEBUG] Cluster 97: 2 nodes [112, 572]
[DEBUG][φ] cut=6, deg_S=8, deg_comp=10548.0

[DEBUG] Cluster 98: 2 nodes [114, 171]
[DEBUG][φ] cut=1, deg_S=3, deg_comp=10553.0

[DEBUG] Cluster 99: 3 nodes [115, 904, 1733]
[DEBUG][φ] cut=11, deg_S=15, deg_comp=10541.0

[DEBUG] Cluster 100: 5 nodes [119, 228, 632, 683, 686]
[DEBUG][φ] cut=31, deg_S=39, deg_comp=10517.0

[DEBUG] Cluster 101: 2 nodes [120, 1959]
[DEBUG][φ] cut=5, deg_S=7, deg_comp=10549.0

[DEBUG] Cluster 102: 7 nodes [121, 201, 233, 283, 595, 1990, 2093]
[DEBUG][φ] cut=9, deg_S=23, deg_comp=10533.0

[DEBUG] Cluster 103: 3 nodes [122, 124, 127]
[DEBUG][φ] cut=10, deg_S=16, deg_comp=10540.0

[DEBUG] Cluster 104: 3 nodes [123, 553, 2459]
[DEBUG][φ] cut=1, deg_S=5, deg_comp=10551.0

[DEBUG] Cluster 105: 3 nodes [125, 160, 2681]
[DEBUG][φ] cut=8, deg_S=12, deg_comp=10544.0

[DEBUG] Cluster 106: 4 nodes [129, 538, 2165, 2193]
[DEBUG][φ] cut=23, deg_S=35, deg_comp=10521.0

[DEBUG] Cluster 107: 2 nodes [130, 459]
[DEBUG][φ] cut=6, deg_S=8, deg_comp=10548.0

[DEBUG] Cluster 108: 3 nodes [133, 394, 608]
[DEBUG][φ] cut=7, deg_S=13, deg_comp=10543.0

[DEBUG] Cluster 109: 3 nodes [134, 505, 1118]
[DEBUG][φ] cut=4, deg_S=8, deg_comp=10548.0

[DEBUG] Cluster 110: 4 nodes [135, 418, 654, 1260]
[DEBUG][φ] cut=10, deg_S=16, deg_comp=10540.0

[DEBUG] Cluster 111: 4 nodes [136, 1102, 1413, 1479]
[DEBUG][φ] cut=21, deg_S=31, deg_comp=10525.0

[DEBUG] Cluster 112: 2 nodes [137, 138]
[DEBUG][φ] cut=8, deg_S=10, deg_comp=10546.0

[DEBUG] Cluster 113: 2 nodes [139, 2361]
[DEBUG][φ] cut=4, deg_S=6, deg_comp=10550.0

[DEBUG] Cluster 114: 2 nodes [140, 323]
[DEBUG][φ] cut=4, deg_S=6, deg_comp=10550.0

[DEBUG] Cluster 115: 4 nodes [141, 1184, 1362, 2199]
[DEBUG][φ] cut=12, deg_S=18, deg_comp=10538.0

[DEBUG] Cluster 116: 6 nodes [142, 227, 823, 1283, 1318, 1547]
[DEBUG][φ] cut=16, deg_S=38, deg_comp=10518.0

[DEBUG] Cluster 117: 3 nodes [144, 444, 753]
[DEBUG][φ] cut=4, deg_S=8, deg_comp=10548.0

[DEBUG] Cluster 118: 5 nodes [145, 390, 1224, 1646, 2521]
[DEBUG][φ] cut=16, deg_S=24, deg_comp=10532.0

[DEBUG] Cluster 119: 2 nodes [147, 479]
[DEBUG][φ] cut=10, deg_S=12, deg_comp=10544.0

[DEBUG] Cluster 120: 3 nodes [148, 281, 460]
[DEBUG][φ] cut=5, deg_S=9, deg_comp=10547.0

[DEBUG] Cluster 121: 2 nodes [151, 360]
[DEBUG][φ] cut=3, deg_S=5, deg_comp=10551.0

[DEBUG] Cluster 122: 4 nodes [152, 1383, 1384, 1398]
[DEBUG][φ] cut=1, deg_S=7, deg_comp=10549.0

[DEBUG] Cluster 123: 2 nodes [154, 392]
[DEBUG][φ] cut=2, deg_S=4, deg_comp=10552.0

[DEBUG] Cluster 124: 5 nodes [156, 314, 348, 1244, 1596]
[DEBUG][φ] cut=11, deg_S=23, deg_comp=10533.0

[DEBUG] Cluster 125: 6 nodes [157, 716, 1289, 1375, 1452, 2230]
[DEBUG][φ] cut=30, deg_S=44, deg_comp=10512.0

[DEBUG] Cluster 126: 3 nodes [158, 184, 433]
[DEBUG][φ] cut=6, deg_S=12, deg_comp=10544.0

[DEBUG] Cluster 127: 5 nodes [159, 985, 1352, 2066, 2674]
[DEBUG][φ] cut=9, deg_S=21, deg_comp=10535.0

[DEBUG] Cluster 128: 3 nodes [161, 347, 713]
[DEBUG][φ] cut=10, deg_S=14, deg_comp=10542.0

[DEBUG] Cluster 129: 3 nodes [162, 173, 775]
[DEBUG][φ] cut=9, deg_S=13, deg_comp=10543.0

[DEBUG] Cluster 130: 5 nodes [163, 309, 546, 765, 1715]
[DEBUG][φ] cut=167, deg_S=175, deg_comp=10381.0

[DEBUG] Cluster 131: 3 nodes [164, 517, 1170]
[DEBUG][φ] cut=4, deg_S=8, deg_comp=10548.0

[DEBUG] Cluster 132: 5 nodes [165, 302, 428, 432, 598]
[DEBUG][φ] cut=6, deg_S=20, deg_comp=10536.0

[DEBUG] Cluster 133: 2 nodes [166, 457]
[DEBUG][φ] cut=3, deg_S=5, deg_comp=10551.0

[DEBUG] Cluster 134: 4 nodes [167, 446, 554, 559]
[DEBUG][φ] cut=14, deg_S=20, deg_comp=10536.0

[DEBUG] Cluster 135: 2 nodes [168, 475]
[DEBUG][φ] cut=3, deg_S=5, deg_comp=10551.0

[DEBUG] Cluster 136: 2 nodes [169, 212]
[DEBUG][φ] cut=3, deg_S=5, deg_comp=10551.0

[DEBUG] Cluster 137: 3 nodes [172, 245, 1636]
[DEBUG][φ] cut=7, deg_S=11, deg_comp=10545.0

[DEBUG] Cluster 138: 4 nodes [174, 496, 501, 663]
[DEBUG][φ] cut=7, deg_S=15, deg_comp=10541.0

[DEBUG] Cluster 139: 1 nodes [176]
[DEBUG][φ] cut=2, deg_S=2, deg_comp=10554.0

[DEBUG] Cluster 140: 3 nodes [177, 1743, 2192]
[DEBUG][φ] cut=7, deg_S=11, deg_comp=10545.0

[DEBUG] Cluster 141: 9 nodes [178, 218, 286, 378, 396, 449, 1539, 1963, 2195]
[DEBUG][φ] cut=29, deg_S=53, deg_comp=10503.0

[DEBUG] Cluster 142: 3 nodes [179, 331, 774]
[DEBUG][φ] cut=5, deg_S=9, deg_comp=10547.0

[DEBUG] Cluster 143: 6 nodes [181, 518, 662, 766, 2417, 2532]
[DEBUG][φ] cut=8, deg_S=24, deg_comp=10532.0

[DEBUG] Cluster 144: 4 nodes [182, 468, 491, 2377]
[DEBUG][φ] cut=4, deg_S=14, deg_comp=10542.0

[DEBUG] Cluster 145: 5 nodes [183, 454, 539, 541, 1368]
[DEBUG][φ] cut=8, deg_S=22, deg_comp=10534.0

[DEBUG] Cluster 146: 6 nodes [185, 278, 324, 326, 332, 389]
[DEBUG][φ] cut=8, deg_S=26, deg_comp=10530.0

[DEBUG] Cluster 147: 3 nodes [187, 462, 2582]
[DEBUG][φ] cut=5, deg_S=9, deg_comp=10547.0

[DEBUG] Cluster 148: 2 nodes [188, 721]
[DEBUG][φ] cut=15, deg_S=17, deg_comp=10539.0

[DEBUG] Cluster 149: 5 nodes [190, 356, 510, 2214, 2223]
[DEBUG][φ] cut=5, deg_S=15, deg_comp=10541.0

[DEBUG] Cluster 150: 2 nodes [191, 448]
[DEBUG][φ] cut=5, deg_S=7, deg_comp=10549.0

[DEBUG] Cluster 151: 1 nodes [194]
[DEBUG][φ] cut=1, deg_S=1, deg_comp=10555.0

[DEBUG] Cluster 152: 6 nodes [195, 196, 216, 307, 707, 735]
[DEBUG][φ] cut=7, deg_S=21, deg_comp=10535.0

[DEBUG] Cluster 153: 2 nodes [198, 655]
[DEBUG][φ] cut=2, deg_S=4, deg_comp=10552.0

[DEBUG] Cluster 154: 2 nodes [199, 640]
[DEBUG][φ] cut=15, deg_S=17, deg_comp=10539.0

[DEBUG] Cluster 155: 5 nodes [200, 536, 1021, 1100, 1464]
[DEBUG][φ] cut=6, deg_S=14, deg_comp=10542.0

[DEBUG] Cluster 156: 3 nodes [203, 359, 1871]
[DEBUG][φ] cut=16, deg_S=20, deg_comp=10536.0

[DEBUG] Cluster 157: 6 nodes [204, 274, 1811, 2215, 2410, 2650]
[DEBUG][φ] cut=14, deg_S=26, deg_comp=10530.0

[DEBUG] Cluster 158: 6 nodes [205, 600, 832, 1051, 1052, 1066]
[DEBUG][φ] cut=8, deg_S=18, deg_comp=10538.0

[DEBUG] Cluster 159: 6 nodes [206, 531, 980, 1488, 1490, 1668]
[DEBUG][φ] cut=12, deg_S=24, deg_comp=10532.0

[DEBUG] Cluster 160: 3 nodes [207, 1518, 1536]
[DEBUG][φ] cut=6, deg_S=10, deg_comp=10546.0

[DEBUG] Cluster 161: 4 nodes [208, 223, 381, 430]
[DEBUG][φ] cut=42, deg_S=48, deg_comp=10508.0

[DEBUG] Cluster 162: 3 nodes [209, 2407, 2704]
[DEBUG][φ] cut=3, deg_S=7, deg_comp=10549.0

[DEBUG] Cluster 163: 2 nodes [210, 644]
[DEBUG][φ] cut=8, deg_S=10, deg_comp=10546.0

[DEBUG] Cluster 164: 3 nodes [211, 325, 1201]
[DEBUG][φ] cut=4, deg_S=8, deg_comp=10548.0

[DEBUG] Cluster 165: 3 nodes [213, 492, 734]
[DEBUG][φ] cut=9, deg_S=15, deg_comp=10541.0

[DEBUG] Cluster 166: 2 nodes [217, 685]
[DEBUG][φ] cut=3, deg_S=5, deg_comp=10551.0

[DEBUG] Cluster 167: 7 nodes [219, 755, 757, 1143, 1404, 2058, 2232]
[DEBUG][φ] cut=20, deg_S=36, deg_comp=10520.0

[DEBUG] Cluster 168: 2 nodes [221, 629]
[DEBUG][φ] cut=3, deg_S=5, deg_comp=10551.0

[DEBUG] Cluster 169: 2 nodes [224, 1601]
[DEBUG][φ] cut=7, deg_S=9, deg_comp=10547.0

[DEBUG] Cluster 170: 1 nodes [226]
[DEBUG][φ] cut=1, deg_S=1, deg_comp=10555.0

[DEBUG] Cluster 171: 2 nodes [229, 477]
[DEBUG][φ] cut=12, deg_S=14, deg_comp=10542.0

[DEBUG] Cluster 172: 2 nodes [230, 391]
[DEBUG][φ] cut=10, deg_S=12, deg_comp=10544.0

[DEBUG] Cluster 173: 5 nodes [232, 268, 613, 616, 2046]
[DEBUG][φ] cut=10, deg_S=24, deg_comp=10532.0

[DEBUG] Cluster 174: 4 nodes [236, 997, 1270, 1271]
[DEBUG][φ] cut=8, deg_S=14, deg_comp=10542.0

[DEBUG] Cluster 175: 2 nodes [237, 329]
[DEBUG][φ] cut=2, deg_S=4, deg_comp=10552.0

[DEBUG] Cluster 176: 2 nodes [238, 489]
[DEBUG][φ] cut=9, deg_S=11, deg_comp=10545.0

[DEBUG] Cluster 177: 3 nodes [239, 1378, 2485]
[DEBUG][φ] cut=20, deg_S=24, deg_comp=10532.0

[DEBUG] Cluster 178: 5 nodes [241, 763, 1760, 1879, 2355]
[DEBUG][φ] cut=3, deg_S=13, deg_comp=10543.0

[DEBUG] Cluster 179: 2 nodes [242, 574]
[DEBUG][φ] cut=11, deg_S=13, deg_comp=10543.0

[DEBUG] Cluster 180: 7 nodes [243, 728, 943, 1016, 1466, 1650, 1670]
[DEBUG][φ] cut=15, deg_S=33, deg_comp=10523.0

[DEBUG] Cluster 181: 2 nodes [244, 750]
[DEBUG][φ] cut=2, deg_S=4, deg_comp=10552.0

[DEBUG] Cluster 182: 3 nodes [246, 560, 938]
[DEBUG][φ] cut=10, deg_S=14, deg_comp=10542.0

[DEBUG] Cluster 183: 2 nodes [247, 982]
[DEBUG][φ] cut=9, deg_S=11, deg_comp=10545.0

[DEBUG] Cluster 184: 1 nodes [248]
[DEBUG][φ] cut=5, deg_S=5, deg_comp=10551.0

[DEBUG] Cluster 185: 4 nodes [251, 865, 932, 1505]
[DEBUG][φ] cut=8, deg_S=20, deg_comp=10536.0

[DEBUG] Cluster 186: 4 nodes [253, 1815, 2670, 2671]
[DEBUG][φ] cut=4, deg_S=12, deg_comp=10544.0

[DEBUG] Cluster 187: 3 nodes [255, 421, 767]
[DEBUG][φ] cut=3, deg_S=7, deg_comp=10549.0

[DEBUG] Cluster 188: 6 nodes [256, 853, 867, 1493, 1732, 2225]
[DEBUG][φ] cut=19, deg_S=29, deg_comp=10527.0

[DEBUG] Cluster 189: 6 nodes [257, 480, 667, 2043, 2270, 2570]
[DEBUG][φ] cut=9, deg_S=25, deg_comp=10531.0

[DEBUG] Cluster 190: 3 nodes [259, 320, 582]
[DEBUG][φ] cut=4, deg_S=8, deg_comp=10548.0

[DEBUG] Cluster 191: 2 nodes [260, 619]
[DEBUG][φ] cut=7, deg_S=9, deg_comp=10547.0

[DEBUG] Cluster 192: 2 nodes [261, 626]
[DEBUG][φ] cut=2, deg_S=4, deg_comp=10552.0

[DEBUG] Cluster 193: 2 nodes [262, 266]
[DEBUG][φ] cut=4, deg_S=6, deg_comp=10550.0

[DEBUG] Cluster 194: 7 nodes [263, 1829, 1856, 1868, 1906, 2421, 2654]
[DEBUG][φ] cut=9, deg_S=21, deg_comp=10535.0

[DEBUG] Cluster 195: 2 nodes [270, 495]
[DEBUG][φ] cut=8, deg_S=10, deg_comp=10546.0

[DEBUG] Cluster 196: 4 nodes [271, 718, 2056, 2095]
[DEBUG][φ] cut=3, deg_S=9, deg_comp=10547.0

[DEBUG] Cluster 197: 2 nodes [272, 516]
[DEBUG][φ] cut=2, deg_S=4, deg_comp=10552.0

[DEBUG] Cluster 198: 4 nodes [275, 279, 464, 573]
[DEBUG][φ] cut=2, deg_S=8, deg_comp=10548.0

[DEBUG] Cluster 199: 5 nodes [276, 342, 467, 2016, 2546]
[DEBUG][φ] cut=18, deg_S=32, deg_comp=10524.0

[DEBUG] Cluster 200: 3 nodes [282, 589, 592]
[DEBUG][φ] cut=3, deg_S=9, deg_comp=10547.0

[DEBUG] Cluster 201: 3 nodes [287, 549, 591]
[DEBUG][φ] cut=23, deg_S=29, deg_comp=10527.0

[DEBUG] Cluster 202: 7 nodes [288, 1109, 1164, 1584, 1626, 2037, 2151]
[DEBUG][φ] cut=13, deg_S=29, deg_comp=10527.0

[DEBUG] Cluster 203: 4 nodes [289, 1278, 2544, 2568]
[DEBUG][φ] cut=12, deg_S=18, deg_comp=10538.0

[DEBUG] Cluster 204: 6 nodes [290, 1839, 1840, 2216, 2688, 2705]
[DEBUG][φ] cut=6, deg_S=20, deg_comp=10536.0

[DEBUG] Cluster 205: 2 nodes [291, 487]
[DEBUG][φ] cut=1, deg_S=3, deg_comp=10553.0

[DEBUG] Cluster 206: 2 nodes [293, 387]
[DEBUG][φ] cut=1, deg_S=3, deg_comp=10553.0

[DEBUG] Cluster 207: 6 nodes [295, 575, 882, 1012, 1316, 1616]
[DEBUG][φ] cut=23, deg_S=35, deg_comp=10521.0

[DEBUG] Cluster 208: 2 nodes [297, 441]
[DEBUG][φ] cut=3, deg_S=5, deg_comp=10551.0

[DEBUG] Cluster 209: 3 nodes [298, 305, 410]
[DEBUG][φ] cut=7, deg_S=11, deg_comp=10545.0

[DEBUG] Cluster 210: 6 nodes [299, 746, 1827, 2083, 2110, 2224]
[DEBUG][φ] cut=5, deg_S=19, deg_comp=10537.0

[DEBUG] Cluster 211: 2 nodes [300, 593]
[DEBUG][φ] cut=2, deg_S=4, deg_comp=10552.0

[DEBUG] Cluster 212: 3 nodes [304, 1912, 1932]
[DEBUG][φ] cut=8, deg_S=12, deg_comp=10544.0

[DEBUG] Cluster 213: 3 nodes [308, 2028, 2653]
[DEBUG][φ] cut=6, deg_S=10, deg_comp=10546.0

[DEBUG] Cluster 214: 2 nodes [311, 406]
[DEBUG][φ] cut=4, deg_S=6, deg_comp=10550.0

[DEBUG] Cluster 215: 2 nodes [313, 534]
[DEBUG][φ] cut=4, deg_S=6, deg_comp=10550.0

[DEBUG] Cluster 216: 4 nodes [317, 417, 508, 2326]
[DEBUG][φ] cut=2, deg_S=12, deg_comp=10544.0

[DEBUG] Cluster 217: 2 nodes [318, 1173]
[DEBUG][φ] cut=10, deg_S=12, deg_comp=10544.0

[DEBUG] Cluster 218: 5 nodes [321, 2150, 2179, 2183, 2305]
[DEBUG][φ] cut=7, deg_S=21, deg_comp=10535.0

[DEBUG] Cluster 219: 5 nodes [322, 431, 1235, 2137, 2508]
[DEBUG][φ] cut=11, deg_S=19, deg_comp=10537.0

[DEBUG] Cluster 220: 3 nodes [327, 788, 945]
[DEBUG][φ] cut=12, deg_S=16, deg_comp=10540.0

[DEBUG] Cluster 221: 4 nodes [328, 1774, 1968, 2619]
[DEBUG][φ] cut=4, deg_S=12, deg_comp=10544.0

[DEBUG] Cluster 222: 4 nodes [330, 731, 1450, 1710]
[DEBUG][φ] cut=12, deg_S=18, deg_comp=10538.0

[DEBUG] Cluster 223: 6 nodes [335, 585, 911, 1275, 2290, 2291]
[DEBUG][φ] cut=18, deg_S=34, deg_comp=10522.0

[DEBUG] Cluster 224: 3 nodes [338, 627, 1679]
[DEBUG][φ] cut=5, deg_S=9, deg_comp=10547.0

[DEBUG] Cluster 225: 4 nodes [339, 971, 1549, 1602]
[DEBUG][φ] cut=7, deg_S=15, deg_comp=10541.0

[DEBUG] Cluster 226: 1 nodes [340]
[DEBUG][φ] cut=3, deg_S=3, deg_comp=10553.0

[DEBUG] Cluster 227: 1 nodes [341]
[DEBUG][φ] cut=3, deg_S=3, deg_comp=10553.0

[DEBUG] Cluster 228: 2 nodes [343, 530]
[DEBUG][φ] cut=7, deg_S=9, deg_comp=10547.0

[DEBUG] Cluster 229: 3 nodes [345, 2266, 2389]
[DEBUG][φ] cut=10, deg_S=14, deg_comp=10542.0

[DEBUG] Cluster 230: 3 nodes [351, 730, 770]
[DEBUG][φ] cut=5, deg_S=9, deg_comp=10547.0

[DEBUG] Cluster 231: 2 nodes [352, 1372]
[DEBUG][φ] cut=4, deg_S=6, deg_comp=10550.0

[DEBUG] Cluster 232: 4 nodes [354, 839, 1072, 1526]
[DEBUG][φ] cut=13, deg_S=21, deg_comp=10535.0

[DEBUG] Cluster 233: 6 nodes [355, 1093, 1094, 2068, 2085, 2228]
[DEBUG][φ] cut=7, deg_S=25, deg_comp=10531.0

[DEBUG] Cluster 234: 2 nodes [362, 2191]
[DEBUG][φ] cut=2, deg_S=4, deg_comp=10552.0

[DEBUG] Cluster 235: 3 nodes [364, 366, 590]
[DEBUG][φ] cut=2, deg_S=8, deg_comp=10548.0

[DEBUG] Cluster 236: 3 nodes [365, 2112, 2572]
[DEBUG][φ] cut=2, deg_S=8, deg_comp=10548.0

[DEBUG] Cluster 237: 3 nodes [367, 440, 483]
[DEBUG][φ] cut=12, deg_S=16, deg_comp=10540.0

[DEBUG] Cluster 238: 4 nodes [370, 562, 875, 933]
[DEBUG][φ] cut=15, deg_S=21, deg_comp=10535.0

[DEBUG] Cluster 239: 5 nodes [371, 916, 2373, 2374, 2507]
[DEBUG][φ] cut=12, deg_S=24, deg_comp=10532.0

[DEBUG] Cluster 240: 2 nodes [374, 455]
[DEBUG][φ] cut=2, deg_S=4, deg_comp=10552.0

[DEBUG] Cluster 241: 4 nodes [375, 836, 1266, 1576]
[DEBUG][φ] cut=8, deg_S=16, deg_comp=10540.0

[DEBUG] Cluster 242: 2 nodes [376, 704]
[DEBUG][φ] cut=2, deg_S=4, deg_comp=10552.0

[DEBUG] Cluster 243: 2 nodes [377, 622]
[DEBUG][φ] cut=3, deg_S=5, deg_comp=10551.0

[DEBUG] Cluster 244: 1 nodes [379]
[DEBUG][φ] cut=2, deg_S=2, deg_comp=10554.0

[DEBUG] Cluster 245: 3 nodes [380, 2196, 2267]
[DEBUG][φ] cut=11, deg_S=15, deg_comp=10541.0

[DEBUG] Cluster 246: 3 nodes [382, 1837, 2132]
[DEBUG][φ] cut=2, deg_S=8, deg_comp=10548.0

[DEBUG] Cluster 247: 4 nodes [383, 631, 1562, 1637]
[DEBUG][φ] cut=7, deg_S=13, deg_comp=10543.0

[DEBUG] Cluster 248: 2 nodes [385, 567]
[DEBUG][φ] cut=6, deg_S=8, deg_comp=10548.0

[DEBUG] Cluster 249: 4 nodes [386, 413, 511, 611]
[DEBUG][φ] cut=44, deg_S=50, deg_comp=10506.0

[DEBUG] Cluster 250: 5 nodes [397, 695, 1301, 1967, 2346]
[DEBUG][φ] cut=8, deg_S=16, deg_comp=10540.0

[DEBUG] Cluster 251: 5 nodes [398, 419, 776, 2088, 2525]
[DEBUG][φ] cut=14, deg_S=22, deg_comp=10534.0

[DEBUG] Cluster 252: 3 nodes [399, 1250, 1251]
[DEBUG][φ] cut=2, deg_S=8, deg_comp=10548.0

[DEBUG] Cluster 253: 3 nodes [400, 2354, 2455]
[DEBUG][φ] cut=10, deg_S=14, deg_comp=10542.0

[DEBUG] Cluster 254: 4 nodes [401, 442, 1986, 2462]
[DEBUG][φ] cut=8, deg_S=14, deg_comp=10542.0

[DEBUG] Cluster 255: 3 nodes [402, 681, 2309]
[DEBUG][φ] cut=9, deg_S=13, deg_comp=10543.0

[DEBUG] Cluster 256: 2 nodes [403, 2104]
[DEBUG][φ] cut=4, deg_S=6, deg_comp=10550.0

[DEBUG] Cluster 257: 4 nodes [405, 409, 1298, 1592]
[DEBUG][φ] cut=11, deg_S=17, deg_comp=10539.0

[DEBUG] Cluster 258: 5 nodes [407, 512, 1875, 2439, 2553]
[DEBUG][φ] cut=4, deg_S=14, deg_comp=10542.0

[DEBUG] Cluster 259: 3 nodes [408, 447, 630]
[DEBUG][φ] cut=2, deg_S=6, deg_comp=10550.0

[DEBUG] Cluster 260: 4 nodes [411, 2049, 2306, 2594]
[DEBUG][φ] cut=10, deg_S=16, deg_comp=10540.0

[DEBUG] Cluster 261: 4 nodes [412, 688, 835, 1248]
[DEBUG][φ] cut=7, deg_S=15, deg_comp=10541.0

[DEBUG] Cluster 262: 3 nodes [414, 1442, 1445]
[DEBUG][φ] cut=10, deg_S=16, deg_comp=10540.0

[DEBUG] Cluster 263: 5 nodes [415, 1790, 2103, 2334, 2353]
[DEBUG][φ] cut=22, deg_S=34, deg_comp=10522.0

[DEBUG] Cluster 264: 3 nodes [416, 1803, 1913]
[DEBUG][φ] cut=6, deg_S=10, deg_comp=10546.0

[DEBUG] Cluster 265: 5 nodes [422, 1069, 1096, 1685, 1691]
[DEBUG][φ] cut=8, deg_S=18, deg_comp=10538.0

[DEBUG] Cluster 266: 2 nodes [423, 557]
[DEBUG][φ] cut=6, deg_S=8, deg_comp=10548.0

[DEBUG] Cluster 267: 2 nodes [426, 1187]
[DEBUG][φ] cut=15, deg_S=17, deg_comp=10539.0

[DEBUG] Cluster 268: 5 nodes [427, 461, 493, 561, 674]
[DEBUG][φ] cut=63, deg_S=71, deg_comp=10485.0

[DEBUG] Cluster 269: 4 nodes [434, 1192, 2473, 2551]
[DEBUG][φ] cut=7, deg_S=13, deg_comp=10543.0

[DEBUG] Cluster 270: 4 nodes [445, 690, 1980, 2457]
[DEBUG][φ] cut=4, deg_S=10, deg_comp=10546.0

[DEBUG] Cluster 271: 3 nodes [450, 646, 2558]
[DEBUG][φ] cut=2, deg_S=6, deg_comp=10550.0

[DEBUG] Cluster 272: 4 nodes [451, 2411, 2453, 2666]
[DEBUG][φ] cut=3, deg_S=9, deg_comp=10547.0

[DEBUG] Cluster 273: 2 nodes [453, 706]
[DEBUG][φ] cut=22, deg_S=24, deg_comp=10532.0

[DEBUG] Cluster 274: 4 nodes [456, 2098, 2099, 2156]
[DEBUG][φ] cut=13, deg_S=19, deg_comp=10537.0

[DEBUG] Cluster 275: 3 nodes [458, 666, 745]
[DEBUG][φ] cut=32, deg_S=36, deg_comp=10520.0

[DEBUG] Cluster 276: 3 nodes [470, 478, 754]
[DEBUG][φ] cut=15, deg_S=19, deg_comp=10537.0

[DEBUG] Cluster 277: 4 nodes [472, 650, 656, 773]
[DEBUG][φ] cut=11, deg_S=17, deg_comp=10539.0

[DEBUG] Cluster 278: 4 nodes [473, 1459, 2221, 2404]
[DEBUG][φ] cut=18, deg_S=26, deg_comp=10530.0

[DEBUG] Cluster 279: 2 nodes [474, 698]
[DEBUG][φ] cut=4, deg_S=6, deg_comp=10550.0

[DEBUG] Cluster 280: 2 nodes [476, 605]
[DEBUG][φ] cut=4, deg_S=6, deg_comp=10550.0

[DEBUG] Cluster 281: 3 nodes [484, 642, 697]
[DEBUG][φ] cut=2, deg_S=6, deg_comp=10550.0

[DEBUG] Cluster 282: 7 nodes [485, 711, 1838, 1908, 2380, 2514, 2561]
[DEBUG][φ] cut=11, deg_S=35, deg_comp=10521.0

[DEBUG] Cluster 283: 5 nodes [488, 2053, 2054, 2685, 2690]
[DEBUG][φ] cut=8, deg_S=18, deg_comp=10538.0

[DEBUG] Cluster 284: 4 nodes [497, 2197, 2342, 2593]
[DEBUG][φ] cut=8, deg_S=14, deg_comp=10542.0

[DEBUG] Cluster 285: 3 nodes [499, 1128, 1288]
[DEBUG][φ] cut=12, deg_S=16, deg_comp=10540.0

[DEBUG] Cluster 286: 3 nodes [500, 1767, 2444]
[DEBUG][φ] cut=4, deg_S=8, deg_comp=10548.0

[DEBUG] Cluster 287: 3 nodes [502, 1957, 2536]
[DEBUG][φ] cut=6, deg_S=10, deg_comp=10546.0

[DEBUG] Cluster 288: 7 nodes [503, 900, 1351, 1583, 1952, 2396, 2563]
[DEBUG][φ] cut=15, deg_S=31, deg_comp=10525.0

[DEBUG] Cluster 289: 1 nodes [504]
[DEBUG][φ] cut=1, deg_S=1, deg_comp=10555.0

[DEBUG] Cluster 290: 2 nodes [506, 514]
[DEBUG][φ] cut=2, deg_S=4, deg_comp=10552.0

[DEBUG] Cluster 291: 4 nodes [507, 1888, 2391, 2548]
[DEBUG][φ] cut=8, deg_S=16, deg_comp=10540.0

[DEBUG] Cluster 292: 2 nodes [509, 669]
[DEBUG][φ] cut=1, deg_S=3, deg_comp=10553.0

[DEBUG] Cluster 293: 2 nodes [515, 637]
[DEBUG][φ] cut=2, deg_S=4, deg_comp=10552.0

[DEBUG] Cluster 294: 1 nodes [519]
[DEBUG][φ] cut=13, deg_S=13, deg_comp=10543.0

[DEBUG] Cluster 295: 4 nodes [520, 524, 1169, 1454]
[DEBUG][φ] cut=6, deg_S=14, deg_comp=10542.0

[DEBUG] Cluster 296: 4 nodes [521, 1081, 1082, 1259]
[DEBUG][φ] cut=11, deg_S=23, deg_comp=10533.0

[DEBUG] Cluster 297: 6 nodes [522, 525, 684, 1419, 1425, 1427]
[DEBUG][φ] cut=7, deg_S=19, deg_comp=10537.0

[DEBUG] Cluster 298: 1 nodes [523]
[DEBUG][φ] cut=30, deg_S=30, deg_comp=10526.0

[DEBUG] Cluster 299: 3 nodes [527, 1822, 2662]
[DEBUG][φ] cut=6, deg_S=10, deg_comp=10546.0

[DEBUG] Cluster 300: 1 nodes [528]
[DEBUG][φ] cut=1, deg_S=1, deg_comp=10555.0

[DEBUG] Cluster 301: 1 nodes [529]
[DEBUG][φ] cut=3, deg_S=3, deg_comp=10553.0

[DEBUG] Cluster 302: 2 nodes [533, 777]
[DEBUG][φ] cut=1, deg_S=3, deg_comp=10553.0

[DEBUG] Cluster 303: 3 nodes [537, 606, 1204]
[DEBUG][φ] cut=6, deg_S=10, deg_comp=10546.0

[DEBUG] Cluster 304: 3 nodes [540, 543, 1640]
[DEBUG][φ] cut=8, deg_S=12, deg_comp=10544.0

[DEBUG] Cluster 305: 2 nodes [542, 779]
[DEBUG][φ] cut=6, deg_S=8, deg_comp=10548.0

[DEBUG] Cluster 306: 2 nodes [548, 1860]
[DEBUG][φ] cut=9, deg_S=11, deg_comp=10545.0

[DEBUG] Cluster 307: 2 nodes [552, 723]
[DEBUG][φ] cut=41, deg_S=43, deg_comp=10513.0

[DEBUG] Cluster 308: 2 nodes [555, 556]
[DEBUG][φ] cut=6, deg_S=8, deg_comp=10548.0

[DEBUG] Cluster 309: 5 nodes [558, 1137, 1816, 1934, 2463]
[DEBUG][φ] cut=16, deg_S=28, deg_comp=10528.0

[DEBUG] Cluster 310: 4 nodes [564, 601, 1741, 1841]
[DEBUG][φ] cut=11, deg_S=17, deg_comp=10539.0

[DEBUG] Cluster 311: 1 nodes [565]
[DEBUG][φ] cut=78, deg_S=78, deg_comp=10478.0

[DEBUG] Cluster 312: 2 nodes [566, 733]
[DEBUG][φ] cut=31, deg_S=33, deg_comp=10523.0

[DEBUG] Cluster 313: 3 nodes [568, 843, 1101]
[DEBUG][φ] cut=5, deg_S=9, deg_comp=10547.0

[DEBUG] Cluster 314: 1 nodes [569]
[DEBUG][φ] cut=18, deg_S=18, deg_comp=10538.0

[DEBUG] Cluster 315: 4 nodes [570, 1200, 1246, 1258]
[DEBUG][φ] cut=21, deg_S=27, deg_comp=10529.0

[DEBUG] Cluster 316: 1 nodes [576]
[DEBUG][φ] cut=30, deg_S=30, deg_comp=10526.0

[DEBUG] Cluster 317: 3 nodes [579, 696, 1672]
[DEBUG][φ] cut=11, deg_S=15, deg_comp=10541.0

[DEBUG] Cluster 318: 6 nodes [580, 1126, 1497, 2371, 2372, 2489]
[DEBUG][φ] cut=13, deg_S=29, deg_comp=10527.0

[DEBUG] Cluster 319: 3 nodes [584, 639, 1763]
[DEBUG][φ] cut=7, deg_S=11, deg_comp=10545.0

[DEBUG] Cluster 320: 3 nodes [594, 1122, 1194]
[DEBUG][φ] cut=7, deg_S=13, deg_comp=10543.0

[DEBUG] Cluster 321: 1 nodes [596]
[DEBUG][φ] cut=1, deg_S=1, deg_comp=10555.0

[DEBUG] Cluster 322: 4 nodes [602, 1114, 1371, 1588]
[DEBUG][φ] cut=9, deg_S=15, deg_comp=10541.0

[DEBUG] Cluster 323: 2 nodes [603, 670]
[DEBUG][φ] cut=3, deg_S=5, deg_comp=10551.0

[DEBUG] Cluster 324: 3 nodes [604, 668, 975]
[DEBUG][φ] cut=13, deg_S=17, deg_comp=10539.0

[DEBUG] Cluster 325: 4 nodes [607, 1055, 1059, 1284]
[DEBUG][φ] cut=8, deg_S=14, deg_comp=10542.0

[DEBUG] Cluster 326: 4 nodes [609, 719, 1133, 1666]
[DEBUG][φ] cut=8, deg_S=16, deg_comp=10540.0

[DEBUG] Cluster 327: 5 nodes [612, 1348, 1535, 1537, 1556]
[DEBUG][φ] cut=10, deg_S=20, deg_comp=10536.0

[DEBUG] Cluster 328: 1 nodes [617]
[DEBUG][φ] cut=1, deg_S=1, deg_comp=10555.0

[DEBUG] Cluster 329: 3 nodes [618, 638, 722]
[DEBUG][φ] cut=34, deg_S=38, deg_comp=10518.0

[DEBUG] Cluster 330: 2 nodes [621, 1859]
[DEBUG][φ] cut=9, deg_S=11, deg_comp=10545.0

[DEBUG] Cluster 331: 5 nodes [623, 915, 1141, 1172, 1294]
[DEBUG][φ] cut=9, deg_S=17, deg_comp=10539.0

[DEBUG] Cluster 332: 4 nodes [625, 700, 879, 979]
[DEBUG][φ] cut=8, deg_S=14, deg_comp=10542.0

[DEBUG] Cluster 333: 4 nodes [636, 1573, 2174, 2687]
[DEBUG][φ] cut=17, deg_S=27, deg_comp=10529.0

[DEBUG] Cluster 334: 2 nodes [641, 1739]
[DEBUG][φ] cut=3, deg_S=5, deg_comp=10551.0

[DEBUG] Cluster 335: 1 nodes [647]
[DEBUG][φ] cut=1, deg_S=1, deg_comp=10555.0

[DEBUG] Cluster 336: 2 nodes [648, 693]
[DEBUG][φ] cut=3, deg_S=5, deg_comp=10551.0

[DEBUG] Cluster 337: 4 nodes [649, 752, 2403, 2581]
[DEBUG][φ] cut=9, deg_S=17, deg_comp=10539.0

[DEBUG] Cluster 338: 2 nodes [653, 2480]
[DEBUG][φ] cut=5, deg_S=7, deg_comp=10549.0

[DEBUG] Cluster 339: 3 nodes [657, 1581, 1711]
[DEBUG][φ] cut=5, deg_S=9, deg_comp=10547.0

[DEBUG] Cluster 340: 2 nodes [658, 1577]
[DEBUG][φ] cut=5, deg_S=7, deg_comp=10549.0

[DEBUG] Cluster 341: 2 nodes [661, 1191]
[DEBUG][φ] cut=7, deg_S=9, deg_comp=10547.0

[DEBUG] Cluster 342: 2 nodes [664, 978]
[DEBUG][φ] cut=4, deg_S=6, deg_comp=10550.0

[DEBUG] Cluster 343: 9 nodes [671, 740, 929, 1559, 1599, 1667, 1683, 1697, 1703]
[DEBUG][φ] cut=20, deg_S=50, deg_comp=10506.0

[DEBUG] Cluster 344: 1 nodes [672]
[DEBUG][φ] cut=21, deg_S=21, deg_comp=10535.0

[DEBUG] Cluster 345: 1 nodes [673]
[DEBUG][φ] cut=1, deg_S=1, deg_comp=10555.0

[DEBUG] Cluster 346: 2 nodes [675, 2339]
[DEBUG][φ] cut=8, deg_S=10, deg_comp=10546.0

[DEBUG] Cluster 347: 4 nodes [676, 1014, 1056, 1091]
[DEBUG][φ] cut=5, deg_S=15, deg_comp=10541.0

[DEBUG] Cluster 348: 1 nodes [678]
[DEBUG][φ] cut=1, deg_S=1, deg_comp=10555.0

[DEBUG] Cluster 349: 2 nodes [682, 1791]
[DEBUG][φ] cut=4, deg_S=6, deg_comp=10550.0

[DEBUG] Cluster 350: 3 nodes [689, 1826, 2630]
[DEBUG][φ] cut=3, deg_S=7, deg_comp=10549.0

[DEBUG] Cluster 351: 3 nodes [691, 1557, 1649]
[DEBUG][φ] cut=11, deg_S=17, deg_comp=10539.0

[DEBUG] Cluster 352: 1 nodes [702]
[DEBUG][φ] cut=1, deg_S=1, deg_comp=10555.0

[DEBUG] Cluster 353: 3 nodes [703, 2201, 2233]
[DEBUG][φ] cut=2, deg_S=6, deg_comp=10550.0

[DEBUG] Cluster 354: 1 nodes [709]
[DEBUG][φ] cut=3, deg_S=3, deg_comp=10553.0

[DEBUG] Cluster 355: 3 nodes [712, 1036, 1662]
[DEBUG][φ] cut=7, deg_S=11, deg_comp=10545.0

[DEBUG] Cluster 356: 5 nodes [714, 1035, 1216, 1218, 1516]
[DEBUG][φ] cut=17, deg_S=27, deg_comp=10529.0

[DEBUG] Cluster 357: 5 nodes [717, 951, 1401, 2502, 2605]
[DEBUG][φ] cut=11, deg_S=21, deg_comp=10535.0

[DEBUG] Cluster 358: 4 nodes [726, 989, 1068, 1418]
[DEBUG][φ] cut=5, deg_S=13, deg_comp=10543.0

[DEBUG] Cluster 359: 5 nodes [727, 1424, 1530, 1799, 2205]
[DEBUG][φ] cut=9, deg_S=17, deg_comp=10539.0

[DEBUG] Cluster 360: 3 nodes [737, 1778, 2024]
[DEBUG][φ] cut=4, deg_S=8, deg_comp=10548.0

[DEBUG] Cluster 361: 4 nodes [738, 1213, 1376, 1727]
[DEBUG][φ] cut=17, deg_S=25, deg_comp=10531.0

[DEBUG] Cluster 362: 1 nodes [742]
[DEBUG][φ] cut=3, deg_S=3, deg_comp=10553.0

[DEBUG] Cluster 363: 3 nodes [748, 1926, 1941]
[DEBUG][φ] cut=3, deg_S=9, deg_comp=10547.0

[DEBUG] Cluster 364: 1 nodes [756]
[DEBUG][φ] cut=2, deg_S=2, deg_comp=10554.0

[DEBUG] Cluster 365: 2 nodes [764, 769]
[DEBUG][φ] cut=8, deg_S=10, deg_comp=10546.0

[DEBUG] Cluster 366: 2 nodes [768, 772]
[DEBUG][φ] cut=10, deg_S=12, deg_comp=10544.0

[DEBUG] Cluster 367: 4 nodes [780, 1139, 1572, 1598]
[DEBUG][φ] cut=4, deg_S=14, deg_comp=10542.0

[DEBUG] Cluster 368: 5 nodes [781, 846, 1034, 1533, 1730]
[DEBUG][φ] cut=10, deg_S=20, deg_comp=10536.0

[DEBUG] Cluster 369: 4 nodes [782, 925, 1480, 1532]
[DEBUG][φ] cut=5, deg_S=11, deg_comp=10545.0

[DEBUG] Cluster 370: 4 nodes [783, 1155, 1407, 1812]
[DEBUG][φ] cut=11, deg_S=23, deg_comp=10533.0

[DEBUG] Cluster 371: 2 nodes [784, 845]
[DEBUG][φ] cut=3, deg_S=5, deg_comp=10551.0

[DEBUG] Cluster 372: 2 nodes [785, 1513]
[DEBUG][φ] cut=8, deg_S=10, deg_comp=10546.0

[DEBUG] Cluster 373: 4 nodes [786, 791, 1003, 1004]
[DEBUG][φ] cut=19, deg_S=31, deg_comp=10525.0

[DEBUG] Cluster 374: 5 nodes [787, 905, 976, 1287, 1397]
[DEBUG][φ] cut=13, deg_S=25, deg_comp=10531.0

[DEBUG] Cluster 375: 3 nodes [789, 1206, 1544]
[DEBUG][φ] cut=5, deg_S=9, deg_comp=10547.0

[DEBUG] Cluster 376: 4 nodes [790, 1510, 2057, 2465]
[DEBUG][φ] cut=6, deg_S=14, deg_comp=10542.0

[DEBUG] Cluster 377: 4 nodes [792, 1095, 1360, 1456]
[DEBUG][φ] cut=6, deg_S=12, deg_comp=10544.0

[DEBUG] Cluster 378: 1 nodes [793]
[DEBUG][φ] cut=23, deg_S=23, deg_comp=10533.0

[DEBUG] Cluster 379: 2 nodes [794, 795]
[DEBUG][φ] cut=1, deg_S=3, deg_comp=10553.0

[DEBUG] Cluster 380: 1 nodes [796]
[DEBUG][φ] cut=1, deg_S=1, deg_comp=10555.0

[DEBUG] Cluster 381: 2 nodes [797, 1645]
[DEBUG][φ] cut=2, deg_S=4, deg_comp=10552.0

[DEBUG] Cluster 382: 2 nodes [798, 1433]
[DEBUG][φ] cut=6, deg_S=8, deg_comp=10548.0

[DEBUG] Cluster 383: 3 nodes [799, 1699, 2656]
[DEBUG][φ] cut=4, deg_S=10, deg_comp=10546.0

[DEBUG] Cluster 384: 5 nodes [800, 935, 1136, 1286, 1594]
[DEBUG][φ] cut=17, deg_S=25, deg_comp=10531.0

[DEBUG] Cluster 385: 3 nodes [801, 1475, 1542]
[DEBUG][φ] cut=2, deg_S=6, deg_comp=10550.0

[DEBUG] Cluster 386: 2 nodes [802, 1168]
[DEBUG][φ] cut=1, deg_S=3, deg_comp=10553.0

[DEBUG] Cluster 387: 3 nodes [804, 1585, 1664]
[DEBUG][φ] cut=7, deg_S=11, deg_comp=10545.0

[DEBUG] Cluster 388: 4 nodes [805, 930, 1062, 1254]
[DEBUG][φ] cut=4, deg_S=12, deg_comp=10544.0

[DEBUG] Cluster 389: 2 nodes [806, 1121]
[DEBUG][φ] cut=8, deg_S=10, deg_comp=10546.0

[DEBUG] Cluster 390: 2 nodes [807, 1438]
[DEBUG][φ] cut=4, deg_S=6, deg_comp=10550.0

[DEBUG] Cluster 391: 5 nodes [808, 863, 1300, 1320, 1342]
[DEBUG][φ] cut=8, deg_S=18, deg_comp=10538.0

[DEBUG] Cluster 392: 4 nodes [809, 1229, 1615, 1639]
[DEBUG][φ] cut=11, deg_S=21, deg_comp=10535.0

[DEBUG] Cluster 393: 2 nodes [810, 1718]
[DEBUG][φ] cut=11, deg_S=13, deg_comp=10543.0

[DEBUG] Cluster 394: 4 nodes [811, 1140, 1253, 1311]
[DEBUG][φ] cut=13, deg_S=21, deg_comp=10535.0

[DEBUG] Cluster 395: 5 nodes [812, 814, 1044, 1341, 1365]
[DEBUG][φ] cut=8, deg_S=24, deg_comp=10532.0

[DEBUG] Cluster 396: 2 nodes [813, 1523]
[DEBUG][φ] cut=6, deg_S=8, deg_comp=10548.0

[DEBUG] Cluster 397: 2 nodes [815, 880]
[DEBUG][φ] cut=2, deg_S=4, deg_comp=10552.0

[DEBUG] Cluster 398: 5 nodes [816, 881, 1119, 1203, 1411]
[DEBUG][φ] cut=16, deg_S=30, deg_comp=10526.0

[DEBUG] Cluster 399: 2 nodes [817, 1367]
[DEBUG][φ] cut=4, deg_S=6, deg_comp=10550.0

[DEBUG] Cluster 400: 3 nodes [818, 819, 1212]
[DEBUG][φ] cut=12, deg_S=18, deg_comp=10538.0

[DEBUG] Cluster 401: 4 nodes [820, 1115, 1146, 1676]
[DEBUG][φ] cut=7, deg_S=13, deg_comp=10543.0

[DEBUG] Cluster 402: 3 nodes [821, 1417, 1421]
[DEBUG][φ] cut=2, deg_S=6, deg_comp=10550.0

[DEBUG] Cluster 403: 5 nodes [822, 1092, 1482, 1484, 1522]
[DEBUG][φ] cut=12, deg_S=20, deg_comp=10536.0

[DEBUG] Cluster 404: 5 nodes [824, 825, 1209, 1215, 1707]
[DEBUG][φ] cut=6, deg_S=18, deg_comp=10538.0

[DEBUG] Cluster 405: 6 nodes [826, 828, 1237, 1273, 1422, 1457]
[DEBUG][φ] cut=12, deg_S=30, deg_comp=10526.0

[DEBUG] Cluster 406: 7 nodes [827, 909, 913, 1527, 1894, 2144, 2524]
[DEBUG][φ] cut=19, deg_S=41, deg_comp=10515.0

[DEBUG] Cluster 407: 2 nodes [829, 962]
[DEBUG][φ] cut=3, deg_S=5, deg_comp=10551.0

[DEBUG] Cluster 408: 6 nodes [830, 907, 918, 1252, 1477, 1634]
[DEBUG][φ] cut=5, deg_S=15, deg_comp=10541.0

[DEBUG] Cluster 409: 4 nodes [831, 1830, 2240, 2466]
[DEBUG][φ] cut=3, deg_S=9, deg_comp=10547.0

[DEBUG] Cluster 410: 4 nodes [833, 1796, 1917, 2001]
[DEBUG][φ] cut=5, deg_S=13, deg_comp=10543.0

[DEBUG] Cluster 411: 3 nodes [834, 1801, 1821]
[DEBUG][φ] cut=7, deg_S=11, deg_comp=10545.0

[DEBUG] Cluster 412: 6 nodes [837, 1007, 1489, 1686, 2217, 2282]
[DEBUG][φ] cut=6, deg_S=18, deg_comp=10538.0

[DEBUG] Cluster 413: 1 nodes [838]
[DEBUG][φ] cut=1, deg_S=1, deg_comp=10555.0

[DEBUG] Cluster 414: 3 nodes [840, 1038, 1196]
[DEBUG][φ] cut=2, deg_S=6, deg_comp=10550.0

[DEBUG] Cluster 415: 3 nodes [841, 2076, 2559]
[DEBUG][φ] cut=9, deg_S=13, deg_comp=10543.0

[DEBUG] Cluster 416: 3 nodes [844, 974, 1784]
[DEBUG][φ] cut=11, deg_S=15, deg_comp=10541.0

[DEBUG] Cluster 417: 2 nodes [847, 1402]
[DEBUG][φ] cut=5, deg_S=7, deg_comp=10549.0

[DEBUG] Cluster 418: 4 nodes [848, 1032, 1400, 1468]
[DEBUG][φ] cut=14, deg_S=20, deg_comp=10536.0

[DEBUG] Cluster 419: 1 nodes [849]
[DEBUG][φ] cut=1, deg_S=1, deg_comp=10555.0

[DEBUG] Cluster 420: 2 nodes [850, 917]
[DEBUG][φ] cut=2, deg_S=4, deg_comp=10552.0

[DEBUG] Cluster 421: 5 nodes [851, 903, 1390, 1491, 1605]
[DEBUG][φ] cut=1, deg_S=9, deg_comp=10547.0

[DEBUG] Cluster 422: 3 nodes [852, 996, 1015]
[DEBUG][φ] cut=3, deg_S=7, deg_comp=10549.0

[DEBUG] Cluster 423: 3 nodes [854, 1971, 2211]
[DEBUG][φ] cut=7, deg_S=11, deg_comp=10545.0

[DEBUG] Cluster 424: 3 nodes [855, 1338, 1654]
[DEBUG][φ] cut=4, deg_S=10, deg_comp=10546.0

[DEBUG] Cluster 425: 11 nodes [856, 942, 1070, 1077, 1113, 1127, 1153, 1205, 1219, 1410, 1675]
[DEBUG][φ] cut=26, deg_S=46, deg_comp=10510.0

[DEBUG] Cluster 426: 3 nodes [857, 1483, 2060]
[DEBUG][φ] cut=6, deg_S=12, deg_comp=10544.0

[DEBUG] Cluster 427: 6 nodes [858, 991, 1084, 1951, 2035, 2303]
[DEBUG][φ] cut=5, deg_S=21, deg_comp=10535.0

[DEBUG] Cluster 428: 3 nodes [859, 1198, 1296]
[DEBUG][φ] cut=6, deg_S=10, deg_comp=10546.0

[DEBUG] Cluster 429: 3 nodes [860, 934, 940]
[DEBUG][φ] cut=9, deg_S=13, deg_comp=10543.0

[DEBUG] Cluster 430: 5 nodes [861, 1227, 1236, 1431, 1669]
[DEBUG][φ] cut=6, deg_S=14, deg_comp=10542.0

[DEBUG] Cluster 431: 2 nodes [862, 2364]
[DEBUG][φ] cut=11, deg_S=13, deg_comp=10543.0

[DEBUG] Cluster 432: 3 nodes [864, 1009, 1079]
[DEBUG][φ] cut=10, deg_S=14, deg_comp=10542.0

[DEBUG] Cluster 433: 3 nodes [868, 1189, 1643]
[DEBUG][φ] cut=7, deg_S=11, deg_comp=10545.0

[DEBUG] Cluster 434: 2 nodes [869, 1374]
[DEBUG][φ] cut=2, deg_S=4, deg_comp=10552.0

[DEBUG] Cluster 435: 2 nodes [870, 1687]
[DEBUG][φ] cut=13, deg_S=15, deg_comp=10541.0

[DEBUG] Cluster 436: 2 nodes [873, 920]
[DEBUG][φ] cut=2, deg_S=4, deg_comp=10552.0

[DEBUG] Cluster 437: 6 nodes [876, 1025, 1238, 1269, 1312, 1712]
[DEBUG][φ] cut=26, deg_S=36, deg_comp=10520.0

[DEBUG] Cluster 438: 6 nodes [877, 1010, 1061, 1182, 1578, 1651]
[DEBUG][φ] cut=12, deg_S=34, deg_comp=10522.0

[DEBUG] Cluster 439: 2 nodes [878, 1472]
[DEBUG][φ] cut=1, deg_S=3, deg_comp=10553.0

[DEBUG] Cluster 440: 3 nodes [883, 1210, 1665]
[DEBUG][φ] cut=3, deg_S=7, deg_comp=10549.0

[DEBUG] Cluster 441: 2 nodes [884, 1658]
[DEBUG][φ] cut=1, deg_S=3, deg_comp=10553.0

[DEBUG] Cluster 442: 5 nodes [885, 944, 1020, 1335, 1337]
[DEBUG][φ] cut=18, deg_S=28, deg_comp=10528.0

[DEBUG] Cluster 443: 1 nodes [886]
[DEBUG][φ] cut=1, deg_S=1, deg_comp=10555.0

[DEBUG] Cluster 444: 3 nodes [887, 1154, 1531]
[DEBUG][φ] cut=4, deg_S=8, deg_comp=10548.0

[DEBUG] Cluster 445: 3 nodes [888, 896, 1731]
[DEBUG][φ] cut=3, deg_S=7, deg_comp=10549.0

[DEBUG] Cluster 446: 2 nodes [889, 892]
[DEBUG][φ] cut=9, deg_S=11, deg_comp=10545.0

[DEBUG] Cluster 447: 2 nodes [891, 1437]
[DEBUG][φ] cut=4, deg_S=6, deg_comp=10550.0

[DEBUG] Cluster 448: 5 nodes [893, 1033, 1074, 1174, 1297]
[DEBUG][φ] cut=8, deg_S=16, deg_comp=10540.0

[DEBUG] Cluster 449: 1 nodes [895]
[DEBUG][φ] cut=1, deg_S=1, deg_comp=10555.0

[DEBUG] Cluster 450: 7 nodes [897, 950, 998, 1147, 1240, 1241, 1347]
[DEBUG][φ] cut=23, deg_S=45, deg_comp=10511.0

[DEBUG] Cluster 451: 3 nodes [899, 1088, 1565]
[DEBUG][φ] cut=3, deg_S=7, deg_comp=10549.0

[DEBUG] Cluster 452: 4 nodes [901, 1552, 1553, 1554]
[DEBUG][φ] cut=5, deg_S=15, deg_comp=10541.0

[DEBUG] Cluster 453: 9 nodes [902, 964, 965, 966, 981, 1432, 1481, 1590, 1673]
[DEBUG][φ] cut=22, deg_S=56, deg_comp=10500.0

[DEBUG] Cluster 454: 5 nodes [906, 926, 927, 1019, 1256]
[DEBUG][φ] cut=10, deg_S=18, deg_comp=10538.0

[DEBUG] Cluster 455: 4 nodes [908, 919, 2297, 2304]
[DEBUG][φ] cut=4, deg_S=10, deg_comp=10546.0

[DEBUG] Cluster 456: 3 nodes [910, 1131, 1589]
[DEBUG][φ] cut=22, deg_S=26, deg_comp=10530.0

[DEBUG] Cluster 457: 3 nodes [912, 1149, 1150]
[DEBUG][φ] cut=7, deg_S=13, deg_comp=10543.0

[DEBUG] Cluster 458: 2 nodes [914, 1551]
[DEBUG][φ] cut=2, deg_S=4, deg_comp=10552.0

[DEBUG] Cluster 459: 3 nodes [921, 1265, 1725]
[DEBUG][φ] cut=1, deg_S=7, deg_comp=10549.0

[DEBUG] Cluster 460: 4 nodes [922, 923, 1233, 1416]
[DEBUG][φ] cut=2, deg_S=12, deg_comp=10544.0

[DEBUG] Cluster 461: 2 nodes [924, 1460]
[DEBUG][φ] cut=6, deg_S=8, deg_comp=10548.0

[DEBUG] Cluster 462: 3 nodes [928, 983, 1302]
[DEBUG][φ] cut=8, deg_S=12, deg_comp=10544.0

[DEBUG] Cluster 463: 5 nodes [936, 961, 988, 1447, 1515]
[DEBUG][φ] cut=7, deg_S=15, deg_comp=10541.0

[DEBUG] Cluster 464: 4 nodes [937, 977, 1226, 1234]
[DEBUG][φ] cut=8, deg_S=14, deg_comp=10542.0

[DEBUG] Cluster 465: 1 nodes [939]
[DEBUG][φ] cut=1, deg_S=1, deg_comp=10555.0

[DEBUG] Cluster 466: 2 nodes [941, 1717]
[DEBUG][φ] cut=4, deg_S=6, deg_comp=10550.0

[DEBUG] Cluster 467: 3 nodes [946, 1179, 1600]
[DEBUG][φ] cut=3, deg_S=7, deg_comp=10549.0

[DEBUG] Cluster 468: 3 nodes [947, 1031, 1328]
[DEBUG][φ] cut=17, deg_S=21, deg_comp=10535.0

[DEBUG] Cluster 469: 2 nodes [948, 1446]
[DEBUG][φ] cut=3, deg_S=5, deg_comp=10551.0

[DEBUG] Cluster 470: 4 nodes [949, 987, 1220, 1608]
[DEBUG][φ] cut=10, deg_S=16, deg_comp=10540.0

[DEBUG] Cluster 471: 3 nodes [952, 1083, 1660]
[DEBUG][φ] cut=1, deg_S=5, deg_comp=10551.0

[DEBUG] Cluster 472: 1 nodes [953]
[DEBUG][φ] cut=1, deg_S=1, deg_comp=10555.0

[DEBUG] Cluster 473: 2 nodes [954, 969]
[DEBUG][φ] cut=4, deg_S=6, deg_comp=10550.0

[DEBUG] Cluster 474: 2 nodes [955, 1280]
[DEBUG][φ] cut=2, deg_S=4, deg_comp=10552.0

[DEBUG] Cluster 475: 6 nodes [956, 995, 1230, 1231, 1232, 1495]
[DEBUG][φ] cut=19, deg_S=37, deg_comp=10519.0

[DEBUG] Cluster 476: 4 nodes [957, 967, 1394, 1561]
[DEBUG][φ] cut=10, deg_S=16, deg_comp=10540.0

[DEBUG] Cluster 477: 2 nodes [958, 1409]
[DEBUG][φ] cut=6, deg_S=8, deg_comp=10548.0

[DEBUG] Cluster 478: 3 nodes [959, 1130, 1334]
[DEBUG][φ] cut=5, deg_S=9, deg_comp=10547.0

[DEBUG] Cluster 479: 6 nodes [960, 1049, 1071, 1292, 1329, 2127]
[DEBUG][φ] cut=8, deg_S=20, deg_comp=10536.0

[DEBUG] Cluster 480: 2 nodes [963, 1519]
[DEBUG][φ] cut=2, deg_S=4, deg_comp=10552.0

[DEBUG] Cluster 481: 3 nodes [968, 1285, 1382]
[DEBUG][φ] cut=5, deg_S=9, deg_comp=10547.0

[DEBUG] Cluster 482: 2 nodes [970, 1396]
[DEBUG][φ] cut=4, deg_S=6, deg_comp=10550.0

[DEBUG] Cluster 483: 1 nodes [972]
[DEBUG][φ] cut=1, deg_S=1, deg_comp=10555.0

[DEBUG] Cluster 484: 2 nodes [973, 993]
[DEBUG][φ] cut=1, deg_S=3, deg_comp=10553.0

[DEBUG] Cluster 485: 1 nodes [984]
[DEBUG][φ] cut=1, deg_S=1, deg_comp=10555.0

[DEBUG] Cluster 486: 4 nodes [986, 2484, 2614, 2616]
[DEBUG][φ] cut=8, deg_S=20, deg_comp=10536.0

[DEBUG] Cluster 487: 12 nodes [992, 994, 1001, 1039, 1040, 1089, 1304, 1317, 1354, 1426, 1465, 1695]
[DEBUG][φ] cut=12, deg_S=34, deg_comp=10522.0

[DEBUG] Cluster 488: 6 nodes [999, 1361, 1399, 1405, 1406, 1463]
[DEBUG][φ] cut=9, deg_S=19, deg_comp=10537.0

[DEBUG] Cluster 489: 3 nodes [1000, 1185, 1521]
[DEBUG][φ] cut=5, deg_S=9, deg_comp=10547.0

[DEBUG] Cluster 490: 2 nodes [1002, 1735]
[DEBUG][φ] cut=3, deg_S=5, deg_comp=10551.0

[DEBUG] Cluster 491: 4 nodes [1005, 1313, 1623, 1655]
[DEBUG][φ] cut=1, deg_S=7, deg_comp=10549.0

[DEBUG] Cluster 492: 3 nodes [1006, 2004, 2040]
[DEBUG][φ] cut=13, deg_S=17, deg_comp=10539.0

[DEBUG] Cluster 493: 3 nodes [1008, 1011, 1486]
[DEBUG][φ] cut=5, deg_S=9, deg_comp=10547.0

[DEBUG] Cluster 494: 1 nodes [1013]
[DEBUG][φ] cut=1, deg_S=1, deg_comp=10555.0

[DEBUG] Cluster 495: 2 nodes [1017, 1574]
[DEBUG][φ] cut=3, deg_S=5, deg_comp=10551.0

[DEBUG] Cluster 496: 2 nodes [1018, 1142]
[DEBUG][φ] cut=3, deg_S=5, deg_comp=10551.0

[DEBUG] Cluster 497: 3 nodes [1022, 1282, 1494]
[DEBUG][φ] cut=5, deg_S=9, deg_comp=10547.0

[DEBUG] Cluster 498: 3 nodes [1023, 1029, 1090]
[DEBUG][φ] cut=2, deg_S=6, deg_comp=10550.0

[DEBUG] Cluster 499: 4 nodes [1024, 1339, 2338, 2443]
[DEBUG][φ] cut=14, deg_S=20, deg_comp=10536.0

[DEBUG] Cluster 500: 2 nodes [1026, 1105]
[DEBUG][φ] cut=4, deg_S=6, deg_comp=10550.0

[DEBUG] Cluster 501: 3 nodes [1027, 1336, 1478]
[DEBUG][φ] cut=8, deg_S=12, deg_comp=10544.0

[DEBUG] Cluster 502: 4 nodes [1028, 1037, 1470, 1610]
[DEBUG][φ] cut=7, deg_S=15, deg_comp=10541.0

[DEBUG] Cluster 503: 3 nodes [1030, 1946, 2516]
[DEBUG][φ] cut=3, deg_S=7, deg_comp=10549.0

[DEBUG] Cluster 504: 3 nodes [1041, 1080, 1321]
[DEBUG][φ] cut=8, deg_S=12, deg_comp=10544.0

[DEBUG] Cluster 505: 3 nodes [1042, 1043, 1435]
[DEBUG][φ] cut=4, deg_S=10, deg_comp=10546.0

[DEBUG] Cluster 506: 4 nodes [1046, 1138, 1344, 1345]
[DEBUG][φ] cut=12, deg_S=20, deg_comp=10536.0

[DEBUG] Cluster 507: 2 nodes [1047, 1420]
[DEBUG][φ] cut=8, deg_S=10, deg_comp=10546.0

[DEBUG] Cluster 508: 1 nodes [1048]
[DEBUG][φ] cut=1, deg_S=1, deg_comp=10555.0

[DEBUG] Cluster 509: 2 nodes [1050, 1171]
[DEBUG][φ] cut=5, deg_S=7, deg_comp=10549.0

[DEBUG] Cluster 510: 2 nodes [1053, 1568]
[DEBUG][φ] cut=9, deg_S=11, deg_comp=10545.0

[DEBUG] Cluster 511: 3 nodes [1054, 1249, 1734]
[DEBUG][φ] cut=9, deg_S=13, deg_comp=10543.0

[DEBUG] Cluster 512: 2 nodes [1057, 1359]
[DEBUG][φ] cut=4, deg_S=6, deg_comp=10550.0

[DEBUG] Cluster 513: 3 nodes [1058, 1211, 1247]
[DEBUG][φ] cut=2, deg_S=6, deg_comp=10550.0

[DEBUG] Cluster 514: 3 nodes [1060, 1890, 2039]
[DEBUG][φ] cut=8, deg_S=14, deg_comp=10542.0

[DEBUG] Cluster 515: 6 nodes [1063, 1065, 1106, 1305, 1575, 1740]
[DEBUG][φ] cut=15, deg_S=27, deg_comp=10529.0

[DEBUG] Cluster 516: 3 nodes [1064, 1937, 2293]
[DEBUG][φ] cut=6, deg_S=10, deg_comp=10546.0

[DEBUG] Cluster 517: 2 nodes [1067, 1814]
[DEBUG][φ] cut=9, deg_S=11, deg_comp=10545.0

[DEBUG] Cluster 518: 3 nodes [1073, 1112, 1403]
[DEBUG][φ] cut=10, deg_S=14, deg_comp=10542.0

[DEBUG] Cluster 519: 2 nodes [1075, 1340]
[DEBUG][φ] cut=3, deg_S=5, deg_comp=10551.0

[DEBUG] Cluster 520: 3 nodes [1076, 1078, 2461]
[DEBUG][φ] cut=3, deg_S=9, deg_comp=10547.0

[DEBUG] Cluster 521: 1 nodes [1085]
[DEBUG][φ] cut=1, deg_S=1, deg_comp=10555.0

[DEBUG] Cluster 522: 2 nodes [1086, 1641]
[DEBUG][φ] cut=8, deg_S=10, deg_comp=10546.0

[DEBUG] Cluster 523: 3 nodes [1087, 1512, 1671]
[DEBUG][φ] cut=9, deg_S=13, deg_comp=10543.0

[DEBUG] Cluster 524: 2 nodes [1097, 1393]
[DEBUG][φ] cut=7, deg_S=9, deg_comp=10547.0

[DEBUG] Cluster 525: 2 nodes [1098, 1911]
[DEBUG][φ] cut=8, deg_S=10, deg_comp=10546.0

[DEBUG] Cluster 526: 2 nodes [1099, 1178]
[DEBUG][φ] cut=15, deg_S=17, deg_comp=10539.0

[DEBUG] Cluster 527: 2 nodes [1103, 1579]
[DEBUG][φ] cut=4, deg_S=6, deg_comp=10550.0

[DEBUG] Cluster 528: 2 nodes [1104, 1262]
[DEBUG][φ] cut=1, deg_S=3, deg_comp=10553.0

[DEBUG] Cluster 529: 2 nodes [1107, 1617]
[DEBUG][φ] cut=3, deg_S=5, deg_comp=10551.0

[DEBUG] Cluster 530: 4 nodes [1108, 1308, 1503, 1507]
[DEBUG][φ] cut=9, deg_S=19, deg_comp=10537.0

[DEBUG] Cluster 531: 2 nodes [1110, 1729]
[DEBUG][φ] cut=6, deg_S=8, deg_comp=10548.0

[DEBUG] Cluster 532: 4 nodes [1111, 1412, 1899, 2292]
[DEBUG][φ] cut=9, deg_S=15, deg_comp=10541.0

[DEBUG] Cluster 533: 3 nodes [1117, 1261, 2332]
[DEBUG][φ] cut=12, deg_S=16, deg_comp=10540.0

[DEBUG] Cluster 534: 2 nodes [1120, 1677]
[DEBUG][φ] cut=1, deg_S=3, deg_comp=10553.0

[DEBUG] Cluster 535: 2 nodes [1123, 1188]
[DEBUG][φ] cut=9, deg_S=11, deg_comp=10545.0

[DEBUG] Cluster 536: 5 nodes [1124, 1358, 1566, 1567, 1661]
[DEBUG][φ] cut=8, deg_S=18, deg_comp=10538.0

[DEBUG] Cluster 537: 2 nodes [1125, 1496]
[DEBUG][φ] cut=5, deg_S=7, deg_comp=10549.0

[DEBUG] Cluster 538: 3 nodes [1129, 1190, 1222]
[DEBUG][φ] cut=9, deg_S=13, deg_comp=10543.0

[DEBUG] Cluster 539: 3 nodes [1132, 1186, 1309]
[DEBUG][φ] cut=4, deg_S=8, deg_comp=10548.0

[DEBUG] Cluster 540: 4 nodes [1134, 1264, 1738, 2281]
[DEBUG][φ] cut=4, deg_S=10, deg_comp=10546.0

[DEBUG] Cluster 541: 2 nodes [1135, 1444]
[DEBUG][φ] cut=3, deg_S=5, deg_comp=10551.0

[DEBUG] Cluster 542: 2 nodes [1144, 1509]
[DEBUG][φ] cut=3, deg_S=5, deg_comp=10551.0

[DEBUG] Cluster 543: 2 nodes [1145, 1323]
[DEBUG][φ] cut=4, deg_S=6, deg_comp=10550.0

[DEBUG] Cluster 544: 1 nodes [1151]
[DEBUG][φ] cut=1, deg_S=1, deg_comp=10555.0

[DEBUG] Cluster 545: 2 nodes [1152, 1453]
[DEBUG][φ] cut=2, deg_S=4, deg_comp=10552.0

[DEBUG] Cluster 546: 1 nodes [1156]
[DEBUG][φ] cut=1, deg_S=1, deg_comp=10555.0

[DEBUG] Cluster 547: 2 nodes [1158, 1555]
[DEBUG][φ] cut=3, deg_S=5, deg_comp=10551.0

[DEBUG] Cluster 548: 5 nodes [1159, 1485, 1558, 1785, 2564]
[DEBUG][φ] cut=5, deg_S=13, deg_comp=10543.0

[DEBUG] Cluster 549: 1 nodes [1160]
[DEBUG][φ] cut=1, deg_S=1, deg_comp=10555.0

[DEBUG] Cluster 550: 3 nodes [1161, 2324, 2657]
[DEBUG][φ] cut=6, deg_S=10, deg_comp=10546.0

[DEBUG] Cluster 551: 3 nodes [1162, 1613, 1614]
[DEBUG][φ] cut=4, deg_S=8, deg_comp=10548.0

[DEBUG] Cluster 552: 3 nodes [1163, 1534, 1597]
[DEBUG][φ] cut=11, deg_S=15, deg_comp=10541.0

[DEBUG] Cluster 553: 2 nodes [1165, 1327]
[DEBUG][φ] cut=3, deg_S=5, deg_comp=10551.0

[DEBUG] Cluster 554: 1 nodes [1166]
[DEBUG][φ] cut=1, deg_S=1, deg_comp=10555.0

[DEBUG] Cluster 555: 4 nodes [1167, 1330, 1331, 1332]
[DEBUG][φ] cut=1, deg_S=7, deg_comp=10549.0

[DEBUG] Cluster 556: 2 nodes [1175, 1628]
[DEBUG][φ] cut=2, deg_S=4, deg_comp=10552.0

[DEBUG] Cluster 557: 3 nodes [1176, 1866, 2272]
[DEBUG][φ] cut=5, deg_S=9, deg_comp=10547.0

[DEBUG] Cluster 558: 4 nodes [1177, 1180, 1620, 1627]
[DEBUG][φ] cut=3, deg_S=11, deg_comp=10545.0

[DEBUG] Cluster 559: 3 nodes [1183, 1193, 1202]
[DEBUG][φ] cut=2, deg_S=6, deg_comp=10550.0

[DEBUG] Cluster 560: 2 nodes [1195, 1630]
[DEBUG][φ] cut=4, deg_S=6, deg_comp=10550.0

[DEBUG] Cluster 561: 3 nodes [1197, 1876, 2634]
[DEBUG][φ] cut=3, deg_S=7, deg_comp=10549.0

[DEBUG] Cluster 562: 2 nodes [1199, 1702]
[DEBUG][φ] cut=2, deg_S=4, deg_comp=10552.0

[DEBUG] Cluster 563: 6 nodes [1207, 1225, 1333, 1369, 1467, 1708]
[DEBUG][φ] cut=14, deg_S=24, deg_comp=10532.0

[DEBUG] Cluster 564: 3 nodes [1208, 1429, 1434]
[DEBUG][φ] cut=2, deg_S=6, deg_comp=10550.0

[DEBUG] Cluster 565: 3 nodes [1214, 1635, 1706]
[DEBUG][φ] cut=4, deg_S=8, deg_comp=10548.0

[DEBUG] Cluster 566: 1 nodes [1217]
[DEBUG][φ] cut=1, deg_S=1, deg_comp=10555.0

[DEBUG] Cluster 567: 4 nodes [1221, 1797, 2200, 2703]
[DEBUG][φ] cut=5, deg_S=13, deg_comp=10543.0

[DEBUG] Cluster 568: 2 nodes [1223, 1607]
[DEBUG][φ] cut=6, deg_S=8, deg_comp=10548.0

[DEBUG] Cluster 569: 3 nodes [1228, 1688, 1693]
[DEBUG][φ] cut=3, deg_S=7, deg_comp=10549.0

[DEBUG] Cluster 570: 1 nodes [1239]
[DEBUG][φ] cut=1, deg_S=1, deg_comp=10555.0

[DEBUG] Cluster 571: 1 nodes [1242]
[DEBUG][φ] cut=1, deg_S=1, deg_comp=10555.0

[DEBUG] Cluster 572: 4 nodes [1243, 1245, 1381, 1524]
[DEBUG][φ] cut=10, deg_S=18, deg_comp=10538.0

[DEBUG] Cluster 573: 4 nodes [1257, 1719, 2087, 2261]
[DEBUG][φ] cut=14, deg_S=22, deg_comp=10534.0

[DEBUG] Cluster 574: 3 nodes [1263, 2441, 2585]
[DEBUG][φ] cut=5, deg_S=9, deg_comp=10547.0

[DEBUG] Cluster 575: 3 nodes [1267, 1500, 2180]
[DEBUG][φ] cut=6, deg_S=10, deg_comp=10546.0

[DEBUG] Cluster 576: 5 nodes [1268, 1414, 1898, 2108, 2140]
[DEBUG][φ] cut=16, deg_S=28, deg_comp=10528.0

[DEBUG] Cluster 577: 5 nodes [1272, 1281, 1346, 1451, 1604]
[DEBUG][φ] cut=4, deg_S=22, deg_comp=10534.0

[DEBUG] Cluster 578: 2 nodes [1274, 1303]
[DEBUG][φ] cut=8, deg_S=10, deg_comp=10546.0

[DEBUG] Cluster 579: 5 nodes [1276, 1415, 1504, 1506, 1525]
[DEBUG][φ] cut=9, deg_S=27, deg_comp=10529.0

[DEBUG] Cluster 580: 5 nodes [1277, 1476, 2152, 2317, 2429]
[DEBUG][φ] cut=11, deg_S=19, deg_comp=10537.0

[DEBUG] Cluster 581: 1 nodes [1279]
[DEBUG][φ] cut=1, deg_S=1, deg_comp=10555.0

[DEBUG] Cluster 582: 1 nodes [1290]
[DEBUG][φ] cut=17, deg_S=17, deg_comp=10539.0

[DEBUG] Cluster 583: 2 nodes [1291, 1548]
[DEBUG][φ] cut=2, deg_S=4, deg_comp=10552.0

[DEBUG] Cluster 584: 3 nodes [1293, 1606, 2381]
[DEBUG][φ] cut=9, deg_S=13, deg_comp=10543.0

[DEBUG] Cluster 585: 1 nodes [1295]
[DEBUG][φ] cut=1, deg_S=1, deg_comp=10555.0

[DEBUG] Cluster 586: 2 nodes [1299, 1392]
[DEBUG][φ] cut=3, deg_S=5, deg_comp=10551.0

[DEBUG] Cluster 587: 3 nodes [1306, 1310, 1499]
[DEBUG][φ] cut=4, deg_S=10, deg_comp=10546.0

[DEBUG] Cluster 588: 3 nodes [1307, 1462, 1657]
[DEBUG][φ] cut=4, deg_S=8, deg_comp=10548.0

[DEBUG] Cluster 589: 2 nodes [1314, 1529]
[DEBUG][φ] cut=2, deg_S=4, deg_comp=10552.0

[DEBUG] Cluster 590: 4 nodes [1315, 2452, 2562, 2595]
[DEBUG][φ] cut=5, deg_S=13, deg_comp=10543.0

[DEBUG] Cluster 591: 1 nodes [1319]
[DEBUG][φ] cut=1, deg_S=1, deg_comp=10555.0

[DEBUG] Cluster 592: 3 nodes [1322, 1622, 2539]
[DEBUG][φ] cut=9, deg_S=13, deg_comp=10543.0

[DEBUG] Cluster 593: 2 nodes [1324, 1543]
[DEBUG][φ] cut=4, deg_S=6, deg_comp=10550.0

[DEBUG] Cluster 594: 4 nodes [1325, 2170, 2237, 2274]
[DEBUG][φ] cut=4, deg_S=10, deg_comp=10546.0

[DEBUG] Cluster 595: 4 nodes [1343, 1364, 1469, 1705]
[DEBUG][φ] cut=14, deg_S=22, deg_comp=10534.0

[DEBUG] Cluster 596: 1 nodes [1349]
[DEBUG][φ] cut=1, deg_S=1, deg_comp=10555.0

[DEBUG] Cluster 597: 1 nodes [1350]
[DEBUG][φ] cut=1, deg_S=1, deg_comp=10555.0

[DEBUG] Cluster 598: 3 nodes [1353, 1880, 2302]
[DEBUG][φ] cut=6, deg_S=10, deg_comp=10546.0

[DEBUG] Cluster 599: 2 nodes [1355, 1648]
[DEBUG][φ] cut=3, deg_S=5, deg_comp=10551.0

[DEBUG] Cluster 600: 2 nodes [1356, 1430]
[DEBUG][φ] cut=3, deg_S=5, deg_comp=10551.0

[DEBUG] Cluster 601: 3 nodes [1357, 1461, 1511]
[DEBUG][φ] cut=4, deg_S=8, deg_comp=10548.0

[DEBUG] Cluster 602: 3 nodes [1363, 2168, 2350]
[DEBUG][φ] cut=8, deg_S=12, deg_comp=10544.0

[DEBUG] Cluster 603: 6 nodes [1366, 1373, 2239, 2413, 2414, 2513]
[DEBUG][φ] cut=16, deg_S=32, deg_comp=10524.0

[DEBUG] Cluster 604: 4 nodes [1370, 2038, 2172, 2692]
[DEBUG][φ] cut=5, deg_S=11, deg_comp=10545.0

[DEBUG] Cluster 605: 2 nodes [1377, 1642]
[DEBUG][φ] cut=5, deg_S=7, deg_comp=10549.0

[DEBUG] Cluster 606: 3 nodes [1379, 1380, 1611]
[DEBUG][φ] cut=8, deg_S=12, deg_comp=10544.0

[DEBUG] Cluster 607: 2 nodes [1385, 1653]
[DEBUG][φ] cut=1, deg_S=3, deg_comp=10553.0

[DEBUG] Cluster 608: 3 nodes [1386, 2273, 2360]
[DEBUG][φ] cut=10, deg_S=14, deg_comp=10542.0

[DEBUG] Cluster 609: 1 nodes [1387]
[DEBUG][φ] cut=1, deg_S=1, deg_comp=10555.0

[DEBUG] Cluster 610: 2 nodes [1388, 1586]
[DEBUG][φ] cut=3, deg_S=5, deg_comp=10551.0

[DEBUG] Cluster 611: 3 nodes [1389, 2344, 2707]
[DEBUG][φ] cut=4, deg_S=8, deg_comp=10548.0

[DEBUG] Cluster 612: 1 nodes [1391]
[DEBUG][φ] cut=1, deg_S=1, deg_comp=10555.0

[DEBUG] Cluster 613: 1 nodes [1395]
[DEBUG][φ] cut=1, deg_S=1, deg_comp=10555.0

[DEBUG] Cluster 614: 4 nodes [1408, 1921, 1931, 2402]
[DEBUG][φ] cut=5, deg_S=15, deg_comp=10541.0

[DEBUG] Cluster 615: 3 nodes [1423, 2333, 2583]
[DEBUG][φ] cut=9, deg_S=13, deg_comp=10543.0

[DEBUG] Cluster 616: 4 nodes [1428, 2079, 2493, 2609]
[DEBUG][φ] cut=11, deg_S=17, deg_comp=10539.0

[DEBUG] Cluster 617: 1 nodes [1436]
[DEBUG][φ] cut=1, deg_S=1, deg_comp=10555.0

[DEBUG] Cluster 618: 2 nodes [1441, 1638]
[DEBUG][φ] cut=2, deg_S=4, deg_comp=10552.0

[DEBUG] Cluster 619: 2 nodes [1448, 1621]
[DEBUG][φ] cut=5, deg_S=7, deg_comp=10549.0

[DEBUG] Cluster 620: 1 nodes [1449]
[DEBUG][φ] cut=2, deg_S=2, deg_comp=10554.0

[DEBUG] Cluster 621: 2 nodes [1455, 1694]
[DEBUG][φ] cut=5, deg_S=7, deg_comp=10549.0

[DEBUG] Cluster 622: 1 nodes [1458]
[DEBUG][φ] cut=2, deg_S=2, deg_comp=10554.0

[DEBUG] Cluster 623: 3 nodes [1471, 1501, 1633]
[DEBUG][φ] cut=6, deg_S=10, deg_comp=10546.0

[DEBUG] Cluster 624: 3 nodes [1473, 1474, 1728]
[DEBUG][φ] cut=11, deg_S=15, deg_comp=10541.0

[DEBUG] Cluster 625: 2 nodes [1487, 1528]
[DEBUG][φ] cut=3, deg_S=5, deg_comp=10551.0

[DEBUG] Cluster 626: 4 nodes [1492, 1508, 1538, 1724]
[DEBUG][φ] cut=3, deg_S=9, deg_comp=10547.0

[DEBUG] Cluster 627: 3 nodes [1498, 2184, 2398]
[DEBUG][φ] cut=14, deg_S=18, deg_comp=10538.0

[DEBUG] Cluster 628: 1 nodes [1517]
[DEBUG][φ] cut=1, deg_S=1, deg_comp=10555.0

[DEBUG] Cluster 629: 1 nodes [1520]
[DEBUG][φ] cut=18, deg_S=18, deg_comp=10538.0

[DEBUG] Cluster 630: 1 nodes [1541]
[DEBUG][φ] cut=1, deg_S=1, deg_comp=10555.0

[DEBUG] Cluster 631: 3 nodes [1545, 1582, 1909]
[DEBUG][φ] cut=8, deg_S=14, deg_comp=10542.0

[DEBUG] Cluster 632: 2 nodes [1550, 1624]
[DEBUG][φ] cut=10, deg_S=12, deg_comp=10544.0

[DEBUG] Cluster 633: 4 nodes [1569, 1587, 1609, 1721]
[DEBUG][φ] cut=13, deg_S=19, deg_comp=10537.0

[DEBUG] Cluster 634: 2 nodes [1570, 1678]
[DEBUG][φ] cut=8, deg_S=10, deg_comp=10546.0

[DEBUG] Cluster 635: 3 nodes [1571, 2202, 2638]
[DEBUG][φ] cut=8, deg_S=12, deg_comp=10544.0

[DEBUG] Cluster 636: 2 nodes [1580, 1625]
[DEBUG][φ] cut=2, deg_S=4, deg_comp=10552.0

[DEBUG] Cluster 637: 1 nodes [1595]
[DEBUG][φ] cut=12, deg_S=12, deg_comp=10544.0

[DEBUG] Cluster 638: 3 nodes [1603, 1965, 2089]
[DEBUG][φ] cut=9, deg_S=13, deg_comp=10543.0

[DEBUG] Cluster 639: 1 nodes [1612]
[DEBUG][φ] cut=1, deg_S=1, deg_comp=10555.0

[DEBUG] Cluster 640: 2 nodes [1618, 2343]
[DEBUG][φ] cut=6, deg_S=8, deg_comp=10548.0

[DEBUG] Cluster 641: 3 nodes [1619, 1722, 1723]
[DEBUG][φ] cut=4, deg_S=10, deg_comp=10546.0

[DEBUG] Cluster 642: 1 nodes [1629]
[DEBUG][φ] cut=1, deg_S=1, deg_comp=10555.0

[DEBUG] Cluster 643: 6 nodes [1631, 1696, 1769, 2330, 2598, 2604]
[DEBUG][φ] cut=17, deg_S=33, deg_comp=10523.0

[DEBUG] Cluster 644: 1 nodes [1644]
[DEBUG][φ] cut=21, deg_S=21, deg_comp=10535.0

[DEBUG] Cluster 645: 4 nodes [1647, 2074, 2084, 2615]
[DEBUG][φ] cut=5, deg_S=13, deg_comp=10543.0

[DEBUG] Cluster 646: 2 nodes [1652, 1659]
[DEBUG][φ] cut=2, deg_S=4, deg_comp=10552.0

[DEBUG] Cluster 647: 2 nodes [1656, 2357]
[DEBUG][φ] cut=5, deg_S=7, deg_comp=10549.0

[DEBUG] Cluster 648: 4 nodes [1663, 2295, 2504, 2667]
[DEBUG][φ] cut=9, deg_S=15, deg_comp=10541.0

[DEBUG] Cluster 649: 2 nodes [1674, 1680]
[DEBUG][φ] cut=4, deg_S=6, deg_comp=10550.0

[DEBUG] Cluster 650: 1 nodes [1681]
[DEBUG][φ] cut=1, deg_S=1, deg_comp=10555.0

[DEBUG] Cluster 651: 1 nodes [1682]
[DEBUG][φ] cut=1, deg_S=1, deg_comp=10555.0

[DEBUG] Cluster 652: 2 nodes [1684, 1726]
[DEBUG][φ] cut=9, deg_S=11, deg_comp=10545.0

[DEBUG] Cluster 653: 3 nodes [1690, 1736, 1737]
[DEBUG][φ] cut=6, deg_S=10, deg_comp=10546.0

[DEBUG] Cluster 654: 3 nodes [1698, 2256, 2597]
[DEBUG][φ] cut=4, deg_S=8, deg_comp=10548.0

[DEBUG] Cluster 655: 2 nodes [1713, 1991]
[DEBUG][φ] cut=17, deg_S=19, deg_comp=10537.0

[DEBUG] Cluster 656: 1 nodes [1714]
[DEBUG][φ] cut=1, deg_S=1, deg_comp=10555.0

[DEBUG] Cluster 657: 2 nodes [1716, 1982]
[DEBUG][φ] cut=9, deg_S=11, deg_comp=10545.0

[DEBUG] Cluster 658: 1 nodes [1720]
[DEBUG][φ] cut=1, deg_S=1, deg_comp=10555.0

[DEBUG] Cluster 659: 2 nodes [1742, 2456]
[DEBUG][φ] cut=3, deg_S=5, deg_comp=10551.0

[DEBUG] Cluster 660: 1 nodes [1744]
[DEBUG][φ] cut=1, deg_S=1, deg_comp=10555.0

[DEBUG] Cluster 661: 2 nodes [1745, 2641]
[DEBUG][φ] cut=2, deg_S=4, deg_comp=10552.0

[DEBUG] Cluster 662: 1 nodes [1746]
[DEBUG][φ] cut=1, deg_S=1, deg_comp=10555.0

[DEBUG] Cluster 663: 4 nodes [1747, 2069, 2160, 2434]
[DEBUG][φ] cut=8, deg_S=16, deg_comp=10540.0

[DEBUG] Cluster 664: 7 nodes [1748, 1835, 1897, 2011, 2146, 2182, 2633]
[DEBUG][φ] cut=10, deg_S=28, deg_comp=10528.0

[DEBUG] Cluster 665: 2 nodes [1750, 2106]
[DEBUG][φ] cut=2, deg_S=4, deg_comp=10552.0

[DEBUG] Cluster 666: 1 nodes [1751]
[DEBUG][φ] cut=1, deg_S=1, deg_comp=10555.0

[DEBUG] Cluster 667: 2 nodes [1752, 2706]
[DEBUG][φ] cut=3, deg_S=5, deg_comp=10551.0

[DEBUG] Cluster 668: 3 nodes [1753, 2268, 2445]
[DEBUG][φ] cut=2, deg_S=6, deg_comp=10550.0

[DEBUG] Cluster 669: 4 nodes [1754, 1867, 1869, 2409]
[DEBUG][φ] cut=8, deg_S=14, deg_comp=10542.0

[DEBUG] Cluster 670: 2 nodes [1755, 2432]
[DEBUG][φ] cut=1, deg_S=3, deg_comp=10553.0

[DEBUG] Cluster 671: 3 nodes [1756, 2603, 2613]
[DEBUG][φ] cut=3, deg_S=7, deg_comp=10549.0

[DEBUG] Cluster 672: 3 nodes [1757, 1842, 2341]
[DEBUG][φ] cut=8, deg_S=14, deg_comp=10542.0

[DEBUG] Cluster 673: 3 nodes [1758, 2255, 2412]
[DEBUG][φ] cut=2, deg_S=6, deg_comp=10550.0

[DEBUG] Cluster 674: 3 nodes [1759, 2288, 2697]
[DEBUG][φ] cut=3, deg_S=9, deg_comp=10547.0

[DEBUG] Cluster 675: 5 nodes [1761, 2208, 2234, 2235, 2313]
[DEBUG][φ] cut=1, deg_S=9, deg_comp=10547.0

[DEBUG] Cluster 676: 3 nodes [1762, 2495, 2694]
[DEBUG][φ] cut=5, deg_S=11, deg_comp=10545.0

[DEBUG] Cluster 677: 1 nodes [1764]
[DEBUG][φ] cut=2, deg_S=2, deg_comp=10554.0

[DEBUG] Cluster 678: 1 nodes [1765]
[DEBUG][φ] cut=2, deg_S=2, deg_comp=10554.0

[DEBUG] Cluster 679: 2 nodes [1766, 1810]
[DEBUG][φ] cut=2, deg_S=4, deg_comp=10552.0

[DEBUG] Cluster 680: 1 nodes [1770]
[DEBUG][φ] cut=3, deg_S=3, deg_comp=10553.0

[DEBUG] Cluster 681: 2 nodes [1771, 1872]
[DEBUG][φ] cut=5, deg_S=7, deg_comp=10549.0

[DEBUG] Cluster 682: 2 nodes [1772, 2351]
[DEBUG][φ] cut=1, deg_S=3, deg_comp=10553.0

[DEBUG] Cluster 683: 3 nodes [1773, 1794, 2545]
[DEBUG][φ] cut=5, deg_S=9, deg_comp=10547.0

[DEBUG] Cluster 684: 5 nodes [1775, 1793, 1795, 2082, 2178]
[DEBUG][φ] cut=15, deg_S=33, deg_comp=10523.0

[DEBUG] Cluster 685: 3 nodes [1776, 2440, 2543]
[DEBUG][φ] cut=7, deg_S=11, deg_comp=10545.0

[DEBUG] Cluster 686: 1 nodes [1777]
[DEBUG][φ] cut=2, deg_S=2, deg_comp=10554.0

[DEBUG] Cluster 687: 3 nodes [1779, 1780, 2007]
[DEBUG][φ] cut=1, deg_S=5, deg_comp=10551.0

[DEBUG] Cluster 688: 4 nodes [1781, 1819, 2229, 2663]
[DEBUG][φ] cut=4, deg_S=10, deg_comp=10546.0

[DEBUG] Cluster 689: 2 nodes [1782, 2328]
[DEBUG][φ] cut=4, deg_S=6, deg_comp=10550.0

[DEBUG] Cluster 690: 3 nodes [1787, 2385, 2676]
[DEBUG][φ] cut=5, deg_S=9, deg_comp=10547.0

[DEBUG] Cluster 691: 3 nodes [1788, 2143, 2181]
[DEBUG][φ] cut=5, deg_S=9, deg_comp=10547.0

[DEBUG] Cluster 692: 1 nodes [1789]
[DEBUG][φ] cut=1, deg_S=1, deg_comp=10555.0

[DEBUG] Cluster 693: 2 nodes [1792, 2067]
[DEBUG][φ] cut=3, deg_S=5, deg_comp=10551.0

[DEBUG] Cluster 694: 1 nodes [1798]
[DEBUG][φ] cut=1, deg_S=1, deg_comp=10555.0

[DEBUG] Cluster 695: 5 nodes [1800, 1994, 1995, 2097, 2241]
[DEBUG][φ] cut=5, deg_S=17, deg_comp=10539.0

[DEBUG] Cluster 696: 1 nodes [1802]
[DEBUG][φ] cut=2, deg_S=2, deg_comp=10554.0

[DEBUG] Cluster 697: 1 nodes [1804]
[DEBUG][φ] cut=2, deg_S=2, deg_comp=10554.0

[DEBUG] Cluster 698: 1 nodes [1805]
[DEBUG][φ] cut=2, deg_S=2, deg_comp=10554.0

[DEBUG] Cluster 699: 4 nodes [1806, 2279, 2336, 2579]
[DEBUG][φ] cut=2, deg_S=8, deg_comp=10548.0

[DEBUG] Cluster 700: 2 nodes [1807, 2490]
[DEBUG][φ] cut=1, deg_S=3, deg_comp=10553.0

[DEBUG] Cluster 701: 2 nodes [1808, 2210]
[DEBUG][φ] cut=1, deg_S=3, deg_comp=10553.0

[DEBUG] Cluster 702: 2 nodes [1809, 2071]
[DEBUG][φ] cut=1, deg_S=3, deg_comp=10553.0

[DEBUG] Cluster 703: 4 nodes [1813, 1818, 2029, 2073]
[DEBUG][φ] cut=5, deg_S=11, deg_comp=10545.0

[DEBUG] Cluster 704: 1 nodes [1817]
[DEBUG][φ] cut=1, deg_S=1, deg_comp=10555.0

[DEBUG] Cluster 705: 3 nodes [1820, 2383, 2569]
[DEBUG][φ] cut=1, deg_S=5, deg_comp=10551.0

[DEBUG] Cluster 706: 2 nodes [1824, 2006]
[DEBUG][φ] cut=3, deg_S=5, deg_comp=10551.0

[DEBUG] Cluster 707: 2 nodes [1825, 1966]
[DEBUG][φ] cut=4, deg_S=6, deg_comp=10550.0

[DEBUG] Cluster 708: 3 nodes [1828, 2014, 2018]
[DEBUG][φ] cut=3, deg_S=9, deg_comp=10547.0

[DEBUG] Cluster 709: 3 nodes [1831, 1832, 1836]
[DEBUG][φ] cut=6, deg_S=12, deg_comp=10544.0

[DEBUG] Cluster 710: 3 nodes [1833, 2367, 2577]
[DEBUG][φ] cut=4, deg_S=8, deg_comp=10548.0

[DEBUG] Cluster 711: 2 nodes [1834, 1905]
[DEBUG][φ] cut=2, deg_S=4, deg_comp=10552.0

[DEBUG] Cluster 712: 3 nodes [1843, 2399, 2626]
[DEBUG][φ] cut=3, deg_S=7, deg_comp=10549.0

[DEBUG] Cluster 713: 3 nodes [1844, 1845, 1979]
[DEBUG][φ] cut=3, deg_S=9, deg_comp=10547.0

[DEBUG] Cluster 714: 4 nodes [1846, 1847, 1927, 2537]
[DEBUG][φ] cut=2, deg_S=12, deg_comp=10544.0

[DEBUG] Cluster 715: 2 nodes [1848, 2483]
[DEBUG][φ] cut=2, deg_S=4, deg_comp=10552.0

[DEBUG] Cluster 716: 1 nodes [1849]
[DEBUG][φ] cut=1, deg_S=1, deg_comp=10555.0

[DEBUG] Cluster 717: 2 nodes [1850, 2554]
[DEBUG][φ] cut=2, deg_S=4, deg_comp=10552.0

[DEBUG] Cluster 718: 3 nodes [1851, 1896, 2393]
[DEBUG][φ] cut=7, deg_S=11, deg_comp=10545.0

[DEBUG] Cluster 719: 2 nodes [1852, 2592]
[DEBUG][φ] cut=2, deg_S=4, deg_comp=10552.0

[DEBUG] Cluster 720: 3 nodes [1853, 1861, 2320]
[DEBUG][φ] cut=1, deg_S=5, deg_comp=10551.0

[DEBUG] Cluster 721: 3 nodes [1854, 1976, 2048]
[DEBUG][φ] cut=7, deg_S=11, deg_comp=10545.0

[DEBUG] Cluster 722: 3 nodes [1857, 2020, 2540]
[DEBUG][φ] cut=6, deg_S=10, deg_comp=10546.0

[DEBUG] Cluster 723: 1 nodes [1858]
[DEBUG][φ] cut=2, deg_S=2, deg_comp=10554.0

[DEBUG] Cluster 724: 4 nodes [1862, 1863, 1964, 2675]
[DEBUG][φ] cut=10, deg_S=20, deg_comp=10536.0

[DEBUG] Cluster 725: 4 nodes [1865, 1953, 2107, 2574]
[DEBUG][φ] cut=5, deg_S=11, deg_comp=10545.0

[DEBUG] Cluster 726: 2 nodes [1870, 2362]
[DEBUG][φ] cut=2, deg_S=4, deg_comp=10552.0

[DEBUG] Cluster 727: 1 nodes [1873]
[DEBUG][φ] cut=1, deg_S=1, deg_comp=10555.0

[DEBUG] Cluster 728: 1 nodes [1874]
[DEBUG][φ] cut=1, deg_S=1, deg_comp=10555.0

[DEBUG] Cluster 729: 3 nodes [1878, 2624, 2702]
[DEBUG][φ] cut=7, deg_S=11, deg_comp=10545.0

[DEBUG] Cluster 730: 4 nodes [1881, 2158, 2449, 2450]
[DEBUG][φ] cut=3, deg_S=11, deg_comp=10545.0

[DEBUG] Cluster 731: 1 nodes [1882]
[DEBUG][φ] cut=1, deg_S=1, deg_comp=10555.0

[DEBUG] Cluster 732: 2 nodes [1883, 2177]
[DEBUG][φ] cut=1, deg_S=3, deg_comp=10553.0

[DEBUG] Cluster 733: 4 nodes [1884, 1885, 1886, 1902]
[DEBUG][φ] cut=4, deg_S=16, deg_comp=10540.0

[DEBUG] Cluster 734: 2 nodes [1887, 2258]
[DEBUG][φ] cut=2, deg_S=4, deg_comp=10552.0

[DEBUG] Cluster 735: 3 nodes [1889, 2586, 2648]
[DEBUG][φ] cut=6, deg_S=10, deg_comp=10546.0

[DEBUG] Cluster 736: 2 nodes [1892, 2131]
[DEBUG][φ] cut=2, deg_S=4, deg_comp=10552.0

[DEBUG] Cluster 737: 2 nodes [1893, 1895]
[DEBUG][φ] cut=4, deg_S=6, deg_comp=10550.0

[DEBUG] Cluster 738: 3 nodes [1900, 2492, 2547]
[DEBUG][φ] cut=2, deg_S=6, deg_comp=10550.0

[DEBUG] Cluster 739: 4 nodes [1901, 1907, 2301, 2588]
[DEBUG][φ] cut=3, deg_S=9, deg_comp=10547.0

[DEBUG] Cluster 740: 2 nodes [1904, 2556]
[DEBUG][φ] cut=2, deg_S=4, deg_comp=10552.0

[DEBUG] Cluster 741: 2 nodes [1910, 2488]
[DEBUG][φ] cut=11, deg_S=13, deg_comp=10543.0

[DEBUG] Cluster 742: 3 nodes [1914, 2176, 2535]
[DEBUG][φ] cut=2, deg_S=6, deg_comp=10550.0

[DEBUG] Cluster 743: 2 nodes [1915, 2497]
[DEBUG][φ] cut=1, deg_S=3, deg_comp=10553.0

[DEBUG] Cluster 744: 2 nodes [1916, 2400]
[DEBUG][φ] cut=3, deg_S=5, deg_comp=10551.0

[DEBUG] Cluster 745: 3 nodes [1918, 2080, 2329]
[DEBUG][φ] cut=7, deg_S=11, deg_comp=10545.0

[DEBUG] Cluster 746: 3 nodes [1919, 2426, 2431]
[DEBUG][φ] cut=11, deg_S=17, deg_comp=10539.0

[DEBUG] Cluster 747: 1 nodes [1920]
[DEBUG][φ] cut=1, deg_S=1, deg_comp=10555.0

[DEBUG] Cluster 748: 3 nodes [1922, 2026, 2552]
[DEBUG][φ] cut=5, deg_S=9, deg_comp=10547.0

[DEBUG] Cluster 749: 4 nodes [1923, 1928, 2114, 2124]
[DEBUG][φ] cut=6, deg_S=16, deg_comp=10540.0

[DEBUG] Cluster 750: 5 nodes [1924, 2015, 2034, 2092, 2327]
[DEBUG][φ] cut=7, deg_S=17, deg_comp=10539.0

[DEBUG] Cluster 751: 3 nodes [1925, 2133, 2392]
[DEBUG][φ] cut=3, deg_S=7, deg_comp=10549.0

[DEBUG] Cluster 752: 1 nodes [1929]
[DEBUG][φ] cut=1, deg_S=1, deg_comp=10555.0

[DEBUG] Cluster 753: 1 nodes [1930]
[DEBUG][φ] cut=1, deg_S=1, deg_comp=10555.0

[DEBUG] Cluster 754: 2 nodes [1933, 2660]
[DEBUG][φ] cut=4, deg_S=6, deg_comp=10550.0

[DEBUG] Cluster 755: 2 nodes [1935, 2340]
[DEBUG][φ] cut=3, deg_S=5, deg_comp=10551.0

[DEBUG] Cluster 756: 2 nodes [1936, 1943]
[DEBUG][φ] cut=2, deg_S=4, deg_comp=10552.0

[DEBUG] Cluster 757: 1 nodes [1938]
[DEBUG][φ] cut=3, deg_S=3, deg_comp=10553.0

[DEBUG] Cluster 758: 2 nodes [1939, 2307]
[DEBUG][φ] cut=2, deg_S=4, deg_comp=10552.0

[DEBUG] Cluster 759: 6 nodes [1940, 2238, 2249, 2250, 2252, 2271]
[DEBUG][φ] cut=9, deg_S=19, deg_comp=10537.0

[DEBUG] Cluster 760: 1 nodes [1942]
[DEBUG][φ] cut=1, deg_S=1, deg_comp=10555.0

[DEBUG] Cluster 761: 2 nodes [1947, 2557]
[DEBUG][φ] cut=3, deg_S=5, deg_comp=10551.0

[DEBUG] Cluster 762: 1 nodes [1948]
[DEBUG][φ] cut=1, deg_S=1, deg_comp=10555.0

[DEBUG] Cluster 763: 1 nodes [1949]
[DEBUG][φ] cut=1, deg_S=1, deg_comp=10555.0

[DEBUG] Cluster 764: 1 nodes [1950]
[DEBUG][φ] cut=2, deg_S=2, deg_comp=10554.0

[DEBUG] Cluster 765: 2 nodes [1954, 2222]
[DEBUG][φ] cut=6, deg_S=8, deg_comp=10548.0

[DEBUG] Cluster 766: 5 nodes [1955, 2149, 2188, 2190, 2194]
[DEBUG][φ] cut=4, deg_S=22, deg_comp=10534.0

[DEBUG] Cluster 767: 4 nodes [1956, 1961, 2100, 2527]
[DEBUG][φ] cut=3, deg_S=11, deg_comp=10545.0

[DEBUG] Cluster 768: 6 nodes [1958, 2139, 2220, 2226, 2478, 2600]
[DEBUG][φ] cut=12, deg_S=28, deg_comp=10528.0

[DEBUG] Cluster 769: 1 nodes [1960]
[DEBUG][φ] cut=1, deg_S=1, deg_comp=10555.0

[DEBUG] Cluster 770: 3 nodes [1962, 2509, 2618]
[DEBUG][φ] cut=5, deg_S=9, deg_comp=10547.0

[DEBUG] Cluster 771: 3 nodes [1969, 2051, 2363]
[DEBUG][φ] cut=6, deg_S=10, deg_comp=10546.0

[DEBUG] Cluster 772: 2 nodes [1970, 2486]
[DEBUG][φ] cut=1, deg_S=3, deg_comp=10553.0

[DEBUG] Cluster 773: 1 nodes [1972]
[DEBUG][φ] cut=1, deg_S=1, deg_comp=10555.0

[DEBUG] Cluster 774: 3 nodes [1973, 2446, 2451]
[DEBUG][φ] cut=6, deg_S=10, deg_comp=10546.0

[DEBUG] Cluster 775: 4 nodes [1974, 2072, 2227, 2390]
[DEBUG][φ] cut=9, deg_S=15, deg_comp=10541.0

[DEBUG] Cluster 776: 2 nodes [1975, 2655]
[DEBUG][φ] cut=4, deg_S=6, deg_comp=10550.0

[DEBUG] Cluster 777: 5 nodes [1977, 1992, 2153, 2318, 2699]
[DEBUG][φ] cut=14, deg_S=24, deg_comp=10532.0

[DEBUG] Cluster 778: 3 nodes [1978, 2002, 2510]
[DEBUG][φ] cut=8, deg_S=12, deg_comp=10544.0

[DEBUG] Cluster 779: 2 nodes [1981, 2491]
[DEBUG][φ] cut=1, deg_S=3, deg_comp=10553.0

[DEBUG] Cluster 780: 3 nodes [1983, 2078, 2406]
[DEBUG][φ] cut=3, deg_S=7, deg_comp=10549.0

[DEBUG] Cluster 781: 3 nodes [1984, 2206, 2379]
[DEBUG][φ] cut=5, deg_S=11, deg_comp=10545.0

[DEBUG] Cluster 782: 3 nodes [1985, 2065, 2086]
[DEBUG][φ] cut=3, deg_S=7, deg_comp=10549.0

[DEBUG] Cluster 783: 4 nodes [1987, 2310, 2369, 2607]
[DEBUG][φ] cut=6, deg_S=12, deg_comp=10544.0

[DEBUG] Cluster 784: 1 nodes [1988]
[DEBUG][φ] cut=1, deg_S=1, deg_comp=10555.0

[DEBUG] Cluster 785: 1 nodes [1989]
[DEBUG][φ] cut=1, deg_S=1, deg_comp=10555.0

[DEBUG] Cluster 786: 1 nodes [1996]
[DEBUG][φ] cut=1, deg_S=1, deg_comp=10555.0

[DEBUG] Cluster 787: 1 nodes [1997]
[DEBUG][φ] cut=1, deg_S=1, deg_comp=10555.0

[DEBUG] Cluster 788: 1 nodes [1998]
[DEBUG][φ] cut=1, deg_S=1, deg_comp=10555.0

[DEBUG] Cluster 789: 3 nodes [1999, 2003, 2515]
[DEBUG][φ] cut=1, deg_S=7, deg_comp=10549.0

[DEBUG] Cluster 790: 2 nodes [2000, 2115]
[DEBUG][φ] cut=2, deg_S=4, deg_comp=10552.0

[DEBUG] Cluster 791: 2 nodes [2005, 2345]
[DEBUG][φ] cut=2, deg_S=4, deg_comp=10552.0

[DEBUG] Cluster 792: 3 nodes [2008, 2022, 2219]
[DEBUG][φ] cut=4, deg_S=10, deg_comp=10546.0

[DEBUG] Cluster 793: 1 nodes [2009]
[DEBUG][φ] cut=1, deg_S=1, deg_comp=10555.0

[DEBUG] Cluster 794: 2 nodes [2010, 2447]
[DEBUG][φ] cut=1, deg_S=3, deg_comp=10553.0

[DEBUG] Cluster 795: 3 nodes [2012, 2023, 2135]
[DEBUG][φ] cut=5, deg_S=9, deg_comp=10547.0

[DEBUG] Cluster 796: 2 nodes [2013, 2382]
[DEBUG][φ] cut=1, deg_S=3, deg_comp=10553.0

[DEBUG] Cluster 797: 2 nodes [2017, 2677]
[DEBUG][φ] cut=6, deg_S=8, deg_comp=10548.0

[DEBUG] Cluster 798: 2 nodes [2019, 2147]
[DEBUG][φ] cut=3, deg_S=5, deg_comp=10551.0

[DEBUG] Cluster 799: 4 nodes [2021, 2218, 2337, 2610]
[DEBUG][φ] cut=5, deg_S=11, deg_comp=10545.0

[DEBUG] Cluster 800: 2 nodes [2025, 2693]
[DEBUG][φ] cut=2, deg_S=4, deg_comp=10552.0

[DEBUG] Cluster 801: 2 nodes [2030, 2130]
[DEBUG][φ] cut=7, deg_S=9, deg_comp=10547.0

[DEBUG] Cluster 802: 3 nodes [2031, 2032, 2171]
[DEBUG][φ] cut=3, deg_S=7, deg_comp=10549.0

[DEBUG] Cluster 803: 2 nodes [2033, 2622]
[DEBUG][φ] cut=1, deg_S=3, deg_comp=10553.0

[DEBUG] Cluster 804: 1 nodes [2041]
[DEBUG][φ] cut=1, deg_S=1, deg_comp=10555.0

[DEBUG] Cluster 805: 2 nodes [2045, 2550]
[DEBUG][φ] cut=1, deg_S=3, deg_comp=10553.0

[DEBUG] Cluster 806: 2 nodes [2047, 2111]
[DEBUG][φ] cut=1, deg_S=3, deg_comp=10553.0

[DEBUG] Cluster 807: 3 nodes [2050, 2335, 2378]
[DEBUG][φ] cut=4, deg_S=8, deg_comp=10548.0

[DEBUG] Cluster 808: 2 nodes [2052, 2062]
[DEBUG][φ] cut=4, deg_S=6, deg_comp=10550.0

[DEBUG] Cluster 809: 2 nodes [2055, 2352]
[DEBUG][φ] cut=1, deg_S=3, deg_comp=10553.0

[DEBUG] Cluster 810: 2 nodes [2059, 2651]
[DEBUG][φ] cut=2, deg_S=4, deg_comp=10552.0

[DEBUG] Cluster 811: 1 nodes [2063]
[DEBUG][φ] cut=1, deg_S=1, deg_comp=10555.0

[DEBUG] Cluster 812: 1 nodes [2064]
[DEBUG][φ] cut=2, deg_S=2, deg_comp=10554.0

[DEBUG] Cluster 813: 2 nodes [2070, 2640]
[DEBUG][φ] cut=1, deg_S=3, deg_comp=10553.0

[DEBUG] Cluster 814: 2 nodes [2081, 2159]
[DEBUG][φ] cut=4, deg_S=6, deg_comp=10550.0

[DEBUG] Cluster 815: 3 nodes [2090, 2415, 2530]
[DEBUG][φ] cut=2, deg_S=6, deg_comp=10550.0

[DEBUG] Cluster 816: 1 nodes [2096]
[DEBUG][φ] cut=1, deg_S=1, deg_comp=10555.0

[DEBUG] Cluster 817: 2 nodes [2101, 2470]
[DEBUG][φ] cut=4, deg_S=6, deg_comp=10550.0

[DEBUG] Cluster 818: 1 nodes [2105]
[DEBUG][φ] cut=1, deg_S=1, deg_comp=10555.0

[DEBUG] Cluster 819: 1 nodes [2109]
[DEBUG][φ] cut=1, deg_S=1, deg_comp=10555.0

[DEBUG] Cluster 820: 2 nodes [2113, 2623]
[DEBUG][φ] cut=1, deg_S=3, deg_comp=10553.0

[DEBUG] Cluster 821: 2 nodes [2116, 2125]
[DEBUG][φ] cut=2, deg_S=4, deg_comp=10552.0

[DEBUG] Cluster 822: 1 nodes [2117]
[DEBUG][φ] cut=1, deg_S=1, deg_comp=10555.0

[DEBUG] Cluster 823: 2 nodes [2118, 2442]
[DEBUG][φ] cut=5, deg_S=7, deg_comp=10549.0

[DEBUG] Cluster 824: 1 nodes [2119]
[DEBUG][φ] cut=1, deg_S=1, deg_comp=10555.0

[DEBUG] Cluster 825: 1 nodes [2120]
[DEBUG][φ] cut=1, deg_S=1, deg_comp=10555.0

[DEBUG] Cluster 826: 1 nodes [2121]
[DEBUG][φ] cut=1, deg_S=1, deg_comp=10555.0

[DEBUG] Cluster 827: 3 nodes [2123, 2482, 2645]
[DEBUG][φ] cut=4, deg_S=8, deg_comp=10548.0

[DEBUG] Cluster 828: 4 nodes [2126, 2213, 2253, 2591]
[DEBUG][φ] cut=8, deg_S=16, deg_comp=10540.0

[DEBUG] Cluster 829: 3 nodes [2128, 2319, 2479]
[DEBUG][φ] cut=3, deg_S=7, deg_comp=10549.0

[DEBUG] Cluster 830: 2 nodes [2129, 2454]
[DEBUG][φ] cut=3, deg_S=5, deg_comp=10551.0

[DEBUG] Cluster 831: 1 nodes [2134]
[DEBUG][φ] cut=1, deg_S=1, deg_comp=10555.0

[DEBUG] Cluster 832: 1 nodes [2136]
[DEBUG][φ] cut=1, deg_S=1, deg_comp=10555.0

[DEBUG] Cluster 833: 3 nodes [2138, 2285, 2311]
[DEBUG][φ] cut=3, deg_S=7, deg_comp=10549.0

[DEBUG] Cluster 834: 3 nodes [2141, 2418, 2511]
[DEBUG][φ] cut=4, deg_S=10, deg_comp=10546.0

[DEBUG] Cluster 835: 1 nodes [2142]
[DEBUG][φ] cut=1, deg_S=1, deg_comp=10555.0

[DEBUG] Cluster 836: 2 nodes [2145, 2408]
[DEBUG][φ] cut=2, deg_S=4, deg_comp=10552.0

[DEBUG] Cluster 837: 1 nodes [2148]
[DEBUG][φ] cut=1, deg_S=1, deg_comp=10555.0

[DEBUG] Cluster 838: 1 nodes [2154]
[DEBUG][φ] cut=1, deg_S=1, deg_comp=10555.0

[DEBUG] Cluster 839: 3 nodes [2155, 2467, 2468]
[DEBUG][φ] cut=2, deg_S=6, deg_comp=10550.0

[DEBUG] Cluster 840: 2 nodes [2157, 2565]
[DEBUG][φ] cut=2, deg_S=4, deg_comp=10552.0

[DEBUG] Cluster 841: 3 nodes [2161, 2166, 2167]
[DEBUG][φ] cut=9, deg_S=13, deg_comp=10543.0

[DEBUG] Cluster 842: 2 nodes [2162, 2599]
[DEBUG][φ] cut=2, deg_S=4, deg_comp=10552.0

[DEBUG] Cluster 843: 1 nodes [2163]
[DEBUG][φ] cut=1, deg_S=1, deg_comp=10555.0

[DEBUG] Cluster 844: 2 nodes [2169, 2420]
[DEBUG][φ] cut=2, deg_S=4, deg_comp=10552.0

[DEBUG] Cluster 845: 2 nodes [2173, 2204]
[DEBUG][φ] cut=6, deg_S=8, deg_comp=10548.0

[DEBUG] Cluster 846: 2 nodes [2175, 2259]
[DEBUG][φ] cut=19, deg_S=21, deg_comp=10535.0

[DEBUG] Cluster 847: 1 nodes [2185]
[DEBUG][φ] cut=1, deg_S=1, deg_comp=10555.0

[DEBUG] Cluster 848: 3 nodes [2186, 2321, 2370]
[DEBUG][φ] cut=1, deg_S=5, deg_comp=10551.0

[DEBUG] Cluster 849: 2 nodes [2187, 2314]
[DEBUG][φ] cut=2, deg_S=4, deg_comp=10552.0

[DEBUG] Cluster 850: 3 nodes [2189, 2365, 2668]
[DEBUG][φ] cut=4, deg_S=8, deg_comp=10548.0

[DEBUG] Cluster 851: 3 nodes [2203, 2397, 2405]
[DEBUG][φ] cut=4, deg_S=10, deg_comp=10546.0

[DEBUG] Cluster 852: 2 nodes [2209, 2689]
[DEBUG][φ] cut=1, deg_S=3, deg_comp=10553.0

[DEBUG] Cluster 853: 1 nodes [2212]
[DEBUG][φ] cut=1, deg_S=1, deg_comp=10555.0

[DEBUG] Cluster 854: 2 nodes [2231, 2635]
[DEBUG][φ] cut=2, deg_S=4, deg_comp=10552.0

[DEBUG] Cluster 855: 2 nodes [2236, 2542]
[DEBUG][φ] cut=3, deg_S=5, deg_comp=10551.0

[DEBUG] Cluster 856: 2 nodes [2242, 2458]
[DEBUG][φ] cut=4, deg_S=6, deg_comp=10550.0

[DEBUG] Cluster 857: 2 nodes [2243, 2244]
[DEBUG][φ] cut=2, deg_S=4, deg_comp=10552.0

[DEBUG] Cluster 858: 2 nodes [2245, 2471]
[DEBUG][φ] cut=2, deg_S=4, deg_comp=10552.0

[DEBUG] Cluster 859: 3 nodes [2246, 2356, 2475]
[DEBUG][φ] cut=6, deg_S=10, deg_comp=10546.0

[DEBUG] Cluster 860: 1 nodes [2247]
[DEBUG][φ] cut=2, deg_S=2, deg_comp=10554.0

[DEBUG] Cluster 861: 3 nodes [2248, 2251, 2296]
[DEBUG][φ] cut=6, deg_S=10, deg_comp=10546.0

[DEBUG] Cluster 862: 3 nodes [2254, 2265, 2347]
[DEBUG][φ] cut=3, deg_S=7, deg_comp=10549.0

[DEBUG] Cluster 863: 2 nodes [2260, 2501]
[DEBUG][φ] cut=2, deg_S=4, deg_comp=10552.0

[DEBUG] Cluster 864: 2 nodes [2262, 2435]
[DEBUG][φ] cut=3, deg_S=5, deg_comp=10551.0

[DEBUG] Cluster 865: 1 nodes [2263]
[DEBUG][φ] cut=2, deg_S=2, deg_comp=10554.0

[DEBUG] Cluster 866: 1 nodes [2264]
[DEBUG][φ] cut=1, deg_S=1, deg_comp=10555.0

[DEBUG] Cluster 867: 2 nodes [2269, 2277]
[DEBUG][φ] cut=4, deg_S=6, deg_comp=10550.0

[DEBUG] Cluster 868: 2 nodes [2275, 2522]
[DEBUG][φ] cut=4, deg_S=6, deg_comp=10550.0

[DEBUG] Cluster 869: 3 nodes [2278, 2283, 2284]
[DEBUG][φ] cut=2, deg_S=6, deg_comp=10550.0

[DEBUG] Cluster 870: 2 nodes [2280, 2286]
[DEBUG][φ] cut=4, deg_S=6, deg_comp=10550.0

[DEBUG] Cluster 871: 2 nodes [2287, 2315]
[DEBUG][φ] cut=2, deg_S=4, deg_comp=10552.0

[DEBUG] Cluster 872: 1 nodes [2289]
[DEBUG][φ] cut=2, deg_S=2, deg_comp=10554.0

[DEBUG] Cluster 873: 2 nodes [2294, 2529]
[DEBUG][φ] cut=5, deg_S=7, deg_comp=10549.0

[DEBUG] Cluster 874: 2 nodes [2298, 2518]
[DEBUG][φ] cut=2, deg_S=4, deg_comp=10552.0

[DEBUG] Cluster 875: 2 nodes [2300, 2636]
[DEBUG][φ] cut=3, deg_S=5, deg_comp=10551.0

[DEBUG] Cluster 876: 3 nodes [2308, 2637, 2652]
[DEBUG][φ] cut=2, deg_S=6, deg_comp=10550.0

[DEBUG] Cluster 877: 2 nodes [2312, 2587]
[DEBUG][φ] cut=3, deg_S=5, deg_comp=10551.0

[DEBUG] Cluster 878: 2 nodes [2316, 2659]
[DEBUG][φ] cut=7, deg_S=9, deg_comp=10547.0

[DEBUG] Cluster 879: 3 nodes [2322, 2498, 2567]
[DEBUG][φ] cut=8, deg_S=12, deg_comp=10544.0

[DEBUG] Cluster 880: 2 nodes [2323, 2419]
[DEBUG][φ] cut=5, deg_S=7, deg_comp=10549.0

[DEBUG] Cluster 881: 2 nodes [2325, 2538]
[DEBUG][φ] cut=2, deg_S=4, deg_comp=10552.0

[DEBUG] Cluster 882: 1 nodes [2349]
[DEBUG][φ] cut=1, deg_S=1, deg_comp=10555.0

[DEBUG] Cluster 883: 1 nodes [2358]
[DEBUG][φ] cut=1, deg_S=1, deg_comp=10555.0

[DEBUG] Cluster 884: 2 nodes [2359, 2520]
[DEBUG][φ] cut=2, deg_S=4, deg_comp=10552.0

[DEBUG] Cluster 885: 3 nodes [2366, 2388, 2575]
[DEBUG][φ] cut=7, deg_S=11, deg_comp=10545.0

[DEBUG] Cluster 886: 1 nodes [2368]
[DEBUG][φ] cut=3, deg_S=3, deg_comp=10553.0

[DEBUG] Cluster 887: 4 nodes [2375, 2416, 2506, 2661]
[DEBUG][φ] cut=9, deg_S=17, deg_comp=10539.0

[DEBUG] Cluster 888: 3 nodes [2376, 2422, 2500]
[DEBUG][φ] cut=8, deg_S=14, deg_comp=10542.0

[DEBUG] Cluster 889: 1 nodes [2384]
[DEBUG][φ] cut=1, deg_S=1, deg_comp=10555.0

[DEBUG] Cluster 890: 1 nodes [2386]
[DEBUG][φ] cut=1, deg_S=1, deg_comp=10555.0

[DEBUG] Cluster 891: 1 nodes [2387]
[DEBUG][φ] cut=1, deg_S=1, deg_comp=10555.0

[DEBUG] Cluster 892: 2 nodes [2394, 2427]
[DEBUG][φ] cut=6, deg_S=8, deg_comp=10548.0

[DEBUG] Cluster 893: 1 nodes [2395]
[DEBUG][φ] cut=1, deg_S=1, deg_comp=10555.0

[DEBUG] Cluster 894: 1 nodes [2401]
[DEBUG][φ] cut=1, deg_S=1, deg_comp=10555.0

[DEBUG] Cluster 895: 2 nodes [2423, 2627]
[DEBUG][φ] cut=11, deg_S=13, deg_comp=10543.0

[DEBUG] Cluster 896: 2 nodes [2424, 2589]
[DEBUG][φ] cut=3, deg_S=5, deg_comp=10551.0

[DEBUG] Cluster 897: 3 nodes [2430, 2647, 2658]
[DEBUG][φ] cut=10, deg_S=14, deg_comp=10542.0

[DEBUG] Cluster 898: 2 nodes [2433, 2437]
[DEBUG][φ] cut=2, deg_S=4, deg_comp=10552.0

[DEBUG] Cluster 899: 2 nodes [2436, 2649]
[DEBUG][φ] cut=4, deg_S=6, deg_comp=10550.0

[DEBUG] Cluster 900: 2 nodes [2448, 2526]
[DEBUG][φ] cut=3, deg_S=5, deg_comp=10551.0

[DEBUG] Cluster 901: 1 nodes [2460]
[DEBUG][φ] cut=1, deg_S=1, deg_comp=10555.0

[DEBUG] Cluster 902: 1 nodes [2464]
[DEBUG][φ] cut=1, deg_S=1, deg_comp=10555.0

[DEBUG] Cluster 903: 1 nodes [2469]
[DEBUG][φ] cut=1, deg_S=1, deg_comp=10555.0

[DEBUG] Cluster 904: 2 nodes [2472, 2476]
[DEBUG][φ] cut=2, deg_S=4, deg_comp=10552.0

[DEBUG] Cluster 905: 3 nodes [2477, 2576, 2678]
[DEBUG][φ] cut=1, deg_S=5, deg_comp=10551.0

[DEBUG] Cluster 906: 1 nodes [2481]
[DEBUG][φ] cut=1, deg_S=1, deg_comp=10555.0

[DEBUG] Cluster 907: 1 nodes [2494]
[DEBUG][φ] cut=1, deg_S=1, deg_comp=10555.0

[DEBUG] Cluster 908: 2 nodes [2496, 2571]
[DEBUG][φ] cut=6, deg_S=8, deg_comp=10548.0

[DEBUG] Cluster 909: 2 nodes [2499, 2505]
[DEBUG][φ] cut=18, deg_S=20, deg_comp=10536.0

[DEBUG] Cluster 910: 1 nodes [2503]
[DEBUG][φ] cut=1, deg_S=1, deg_comp=10555.0

[DEBUG] Cluster 911: 1 nodes [2512]
[DEBUG][φ] cut=1, deg_S=1, deg_comp=10555.0

[DEBUG] Cluster 912: 1 nodes [2517]
[DEBUG][φ] cut=1, deg_S=1, deg_comp=10555.0

[DEBUG] Cluster 913: 1 nodes [2519]
[DEBUG][φ] cut=1, deg_S=1, deg_comp=10555.0

[DEBUG] Cluster 914: 1 nodes [2523]
[DEBUG][φ] cut=1, deg_S=1, deg_comp=10555.0

[DEBUG] Cluster 915: 1 nodes [2528]
[DEBUG][φ] cut=1, deg_S=1, deg_comp=10555.0

[DEBUG] Cluster 916: 2 nodes [2531, 2566]
[DEBUG][φ] cut=1, deg_S=3, deg_comp=10553.0

[DEBUG] Cluster 917: 1 nodes [2533]
[DEBUG][φ] cut=1, deg_S=1, deg_comp=10555.0

[DEBUG] Cluster 918: 1 nodes [2534]
[DEBUG][φ] cut=1, deg_S=1, deg_comp=10555.0

[DEBUG] Cluster 919: 2 nodes [2541, 2673]
[DEBUG][φ] cut=6, deg_S=8, deg_comp=10548.0

[DEBUG] Cluster 920: 2 nodes [2549, 2608]
[DEBUG][φ] cut=4, deg_S=6, deg_comp=10550.0

[DEBUG] Cluster 921: 2 nodes [2555, 2560]
[DEBUG][φ] cut=5, deg_S=7, deg_comp=10549.0

[DEBUG] Cluster 922: 1 nodes [2573]
[DEBUG][φ] cut=1, deg_S=1, deg_comp=10555.0

[DEBUG] Cluster 923: 1 nodes [2584]
[DEBUG][φ] cut=1, deg_S=1, deg_comp=10555.0

[DEBUG] Cluster 924: 1 nodes [2601]
[DEBUG][φ] cut=1, deg_S=1, deg_comp=10555.0

[DEBUG] Cluster 925: 1 nodes [2602]
[DEBUG][φ] cut=1, deg_S=1, deg_comp=10555.0

[DEBUG] Cluster 926: 2 nodes [2606, 2611]
[DEBUG][φ] cut=5, deg_S=7, deg_comp=10549.0

[DEBUG] Cluster 927: 1 nodes [2620]
[DEBUG][φ] cut=1, deg_S=1, deg_comp=10555.0

[DEBUG] Cluster 928: 1 nodes [2621]
[DEBUG][φ] cut=1, deg_S=1, deg_comp=10555.0

[DEBUG] Cluster 929: 2 nodes [2628, 2629]
[DEBUG][φ] cut=5, deg_S=7, deg_comp=10549.0

[DEBUG] Cluster 930: 1 nodes [2631]
[DEBUG][φ] cut=1, deg_S=1, deg_comp=10555.0

[DEBUG] Cluster 931: 1 nodes [2632]
[DEBUG][φ] cut=1, deg_S=1, deg_comp=10555.0

[DEBUG] Cluster 932: 1 nodes [2639]
[DEBUG][φ] cut=1, deg_S=1, deg_comp=10555.0

[DEBUG] Cluster 933: 1 nodes [2642]
[DEBUG][φ] cut=3, deg_S=3, deg_comp=10553.0

[DEBUG] Cluster 934: 2 nodes [2643, 2646]
[DEBUG][φ] cut=2, deg_S=4, deg_comp=10552.0

[DEBUG] Cluster 935: 1 nodes [2644]
[DEBUG][φ] cut=1, deg_S=1, deg_comp=10555.0

[DEBUG] Cluster 936: 1 nodes [2665]
[DEBUG][φ] cut=1, deg_S=1, deg_comp=10555.0

[DEBUG] Cluster 937: 1 nodes [2684]
[DEBUG][φ] cut=1, deg_S=1, deg_comp=10555.0

[DEBUG] Cluster 938: 1 nodes [2691]
[DEBUG][φ] cut=1, deg_S=1, deg_comp=10555.0

[DEBUG] Cluster 939: 2 nodes [2698, 2700]
[DEBUG][φ] cut=3, deg_S=5, deg_comp=10551.0

[DEBUG] Cluster 940: 1 nodes [2701]
[DEBUG][φ] cut=2, deg_S=2, deg_comp=10554.0
[DEBUG] Average unweighted conductance - Standard: 0.6278
[TIMING] conductance_evaluation: 0.168s
CMG filtered clustering pipeline complete
[CMG] Found 941 clusters, λ_critical ≈ 0.3333
[CMG] Coarsened to 941 nodes, 2227 edges
[CMG] Coarsening Level: 2
[CMG] Current nodes: 941, edges: 2227
[DEBUG] Starting CMG filtered clustering pipeline
[DEBUG] Parameters: k=10, d=15, threshold=0.1
[DEBUG] λ_critical ≈ 0.3333 for filter order k = 10
[DEBUG] Original graph: 941 nodes, 4454 edges
[DEBUG] Building normalized Laplacian
[TIMING] laplacian_construction: 0.002s
Applying spectral filter with k=10, input shape=(941, 15)
Spectral filtering complete. Output shape=(941, 15)
[TIMING] spectral_filtering: 0.003s
Reweighted adjacency matrix has 3994 nonzeros
[TIMING] graph_reweighting: 0.005s
[DEBUG] Reweighted graph: 3994 edges
[DEBUG] Calling CMG on reweighted Laplacian
[DEBUG] CMG found 403 clusters
[DEBUG] Converted clusters (0-indexed): [  0   1   2   3   4   5   5   0   6   7   8   9  10   0  11  12  13  14
  15  16  17  18  19  20  16  21   9  22  23  24  25  24  26  27  26  18
  18   6  28  29  13  30  31  32  33  34  34  35  36  37  38  39  40  41
  42  43  44  45  46  47  48  49  50  51  52  53  54  55  56  57  17  58
  59  20  60   9  61  30  62  63  64  65  19  66  67  38  68  69  30  70
  60  71  72   4  73  74  56   8  73  75  76  77  56  14  78  63  79  80
  63  27  81  82  83  84  76  77  85  29  86  87  88  89  11  55  90  57
  91  92   9  93  94  52  91  95  40  96  97  98  99 100  62 101  30  57
 102 103 104  22  29   7  29 105  91  13  80  41 106  10  26 107 108  62
 109  46 110 111 112 113 114  72 115 116  85 117 118 119  31 120 112 121
  86  82 122  18  71 123  31  51 124 125 126 110 127  69 128 129 130 131
 129  50 132 133  49 134  84  79 135 120 136  20 137 138   4   6 139 140
 141 142 143 144 104 145 145 146 147 129 148 149 150 127 151 152  42 153
 154 155 156  27 157  30  93 158 159 127 160 161  23 147 162 130 158  71
  11 163 164  79 165  29  41 166  41  43  27 167 168 169  45  89  53 143
  69 170  38 171 171 172  36  88  40  89 173 159 170  80 118  25  18 174
  99 175 176 133  90   5   7  36  64 177 178 145 179 180  28  37 181   8
  20  93 163 182 157 183  27  36 176  97 135  74  47  78 138 137 184 181
 128 185  32 114 186 187  93 188 189 190 159 191 107  66 120 192 193 124
 143  52   6 194  72 173 195 196 193  88 197 190 198  79 199  10 106 199
 145 157 200  83 201 202 200 203 204  89 205 206 205   6  25 207  38 133
 208 123 209  10 133 210 211 140 212 157  58 181  60 106  21  22 202  21
 213 213   8  95  95 108 185 214 103 214 215 108 108  32 211 216 146 217
  30 110  39 218 218 219 206  74 206 220 206 169 221 142  52 165  23 205
 222  88  55 223 224 171 225  33 103  73 226 227 228 152  75  25  27 229
 200  74  47 190 230  21 202  58 231 130  47  89 228 192  38 232 233 234
 205 235 144 188 236 170 122 220 218 207 208 164 237 151 204 238 239 240
 140 241  51 214 228 151 163 225 242 159 203 235  33 243 133 244 245 211
 136 245 246 181 247 248 249 208 250 251 119 150 188 216  81  57 252 164
 252 144  25 253 204 222  81 118 254  96 255 184 154 241   6  95  21 111
 113  27 256  58 257 103 258 177 108 259 141 260 134  98 261 208 262 151
 237 157  58 249 141  23  72 263 264 265 218 223 266 267  42 253 268 144
 255 235 150 269 270 150 271  55 234 272 199 248 250 120 128 273 171 110
 262 274 275 276 165 181 176 170 274 128  92 140  69 263 163 277 244 185
 278 279 270  70 280 281 233 138 171 169 282 166  96  89 222 126 283 224
 284 243 177  98 243 150 193 285  37 286 243 260 287 109 230 142 153 145
 108 241 288 289  98 220  49 168 282  75 290  33 291 161 292 110  16  61
 293 246 154  99 130  96 104  53 294  65  41 295 296 116 297 298 139 298
 298 285 299   2  72  27 106 298 300 126 301 302 303 304 305 125  94 187
 268  99 306  53 307 189 162  39 144  39 210 189  38   6 308  94  99  68
 309  54  63 310 307 117 168 311 312 270 126 313  94 314 314 315 316  70
 252 302  34 317 107 318  14 280 146 319  97 320 127 253 321 322  83 106
 109 323 139 270 324  76 325 326 327 143 328  61 327 329 121 265 315 330
  79 320 331 332 168 333  45 253 220 142 334 335 336 337 338  53  50 309
 332 339 101  70  15 243 106  78 102 316   1  62 340 187 165 107 221 130
  58 341 342 343 317  81 344 345 346 347 315 298 348  52 349 350 351  54
 146 316 251 352 353   7 309 354 331 355 356  76  49  71 315 357 271 190
 253 358 359 359 360   8 331 361  82 362 317  32  32 133 363  86 119 130
 364 365 366 270 154 234  86 122 367 170  94  87 368  64  48 106 255 130
 369 370  49 317  12 317 106 371 372 373 133 374 375 124 280 196 172  61
   7 376 377 378  60  26 379 380 117 106 381 382 383 384 385 310  45 386
 387 220   7  66 388 389 390 391  78 392 393 174 394 395 396  12 345 397
 398 399 400 401 402]
[TIMING] cmg_clustering: 0.005s
[DEBUG] Unweighted graph: 941 nodes, 4454 edges

[DEBUG] Cluster 0: 3 nodes [0, 7, 13]
[DEBUG][φ] cut=10, deg_S=16, deg_comp=4438.0

[DEBUG] Cluster 1: 2 nodes [1, 802]
[DEBUG][φ] cut=22, deg_S=24, deg_comp=4430.0

[DEBUG] Cluster 2: 2 nodes [2, 687]
[DEBUG][φ] cut=14, deg_S=16, deg_comp=4438.0

[DEBUG] Cluster 3: 1 nodes [3]
[DEBUG][φ] cut=11, deg_S=11, deg_comp=4443.0

[DEBUG] Cluster 4: 3 nodes [4, 93, 212]
[DEBUG][φ] cut=15, deg_S=19, deg_comp=4435.0

[DEBUG] Cluster 5: 3 nodes [5, 6, 293]
[DEBUG][φ] cut=7, deg_S=11, deg_comp=4443.0

[DEBUG] Cluster 6: 7 nodes [8, 37, 213, 344, 373, 536, 715]
[DEBUG][φ] cut=28, deg_S=46, deg_comp=4408.0

[DEBUG] Cluster 7: 6 nodes [9, 149, 294, 833, 900, 920]
[DEBUG][φ] cut=9, deg_S=23, deg_comp=4431.0

[DEBUG] Cluster 8: 5 nodes [10, 97, 305, 398, 851]
[DEBUG][φ] cut=14, deg_S=22, deg_comp=4432.0

[DEBUG] Cluster 9: 4 nodes [11, 26, 75, 128]
[DEBUG][φ] cut=11, deg_S=19, deg_comp=4435.0

[DEBUG] Cluster 10: 4 nodes [12, 157, 357, 381]
[DEBUG][φ] cut=28, deg_S=34, deg_comp=4420.0

[DEBUG] Cluster 11: 3 nodes [14, 122, 252]
[DEBUG][φ] cut=9, deg_S=13, deg_comp=4441.0

[DEBUG] Cluster 12: 3 nodes [15, 886, 933]
[DEBUG][φ] cut=11, deg_S=15, deg_comp=4439.0

[DEBUG] Cluster 13: 3 nodes [16, 40, 153]
[DEBUG][φ] cut=37, deg_S=41, deg_comp=4413.0

[DEBUG] Cluster 14: 3 nodes [17, 103, 744]
[DEBUG][φ] cut=7, deg_S=11, deg_comp=4443.0

[DEBUG] Cluster 15: 2 nodes [18, 796]
[DEBUG][φ] cut=31, deg_S=33, deg_comp=4421.0

[DEBUG] Cluster 16: 3 nodes [19, 24, 664]
[DEBUG][φ] cut=13, deg_S=19, deg_comp=4435.0

[DEBUG] Cluster 17: 2 nodes [20, 70]
[DEBUG][φ] cut=16, deg_S=18, deg_comp=4436.0

[DEBUG] Cluster 18: 5 nodes [21, 35, 36, 183, 286]
[DEBUG][φ] cut=14, deg_S=26, deg_comp=4428.0

[DEBUG] Cluster 19: 2 nodes [22, 82]
[DEBUG][φ] cut=7, deg_S=9, deg_comp=4445.0

[DEBUG] Cluster 20: 4 nodes [23, 73, 209, 306]
[DEBUG][φ] cut=14, deg_S=20, deg_comp=4434.0

[DEBUG] Cluster 21: 5 nodes [25, 392, 395, 455, 538]
[DEBUG][φ] cut=6, deg_S=18, deg_comp=4436.0

[DEBUG] Cluster 22: 3 nodes [27, 147, 393]
[DEBUG][φ] cut=13, deg_S=17, deg_comp=4437.0

[DEBUG] Cluster 23: 4 nodes [28, 246, 430, 563]
[DEBUG][φ] cut=17, deg_S=23, deg_comp=4431.0

[DEBUG] Cluster 24: 2 nodes [29, 31]
[DEBUG][φ] cut=5, deg_S=7, deg_comp=4447.0

[DEBUG] Cluster 25: 5 nodes [30, 285, 374, 447, 524]
[DEBUG][φ] cut=18, deg_S=32, deg_comp=4422.0

[DEBUG] Cluster 26: 4 nodes [32, 34, 158, 905]
[DEBUG][φ] cut=11, deg_S=19, deg_comp=4435.0

[DEBUG] Cluster 27: 8 nodes [33, 109, 237, 262, 312, 448, 541, 689]
[DEBUG][φ] cut=45, deg_S=61, deg_comp=4393.0

[DEBUG] Cluster 28: 2 nodes [38, 302]
[DEBUG][φ] cut=9, deg_S=11, deg_comp=4443.0

[DEBUG] Cluster 29: 5 nodes [39, 117, 148, 150, 257]
[DEBUG][φ] cut=25, deg_S=35, deg_comp=4419.0

[DEBUG] Cluster 30: 6 nodes [41, 77, 88, 142, 239, 414]
[DEBUG][φ] cut=18, deg_S=28, deg_comp=4426.0

[DEBUG] Cluster 31: 3 nodes [42, 176, 186]
[DEBUG][φ] cut=4, deg_S=8, deg_comp=4446.0

[DEBUG] Cluster 32: 5 nodes [43, 326, 409, 857, 858]
[DEBUG][φ] cut=9, deg_S=17, deg_comp=4437.0

[DEBUG] Cluster 33: 4 nodes [44, 439, 498, 659]
[DEBUG][φ] cut=2, deg_S=8, deg_comp=4446.0

[DEBUG] Cluster 34: 3 nodes [45, 46, 740]
[DEBUG][φ] cut=5, deg_S=9, deg_comp=4445.0

[DEBUG] Cluster 35: 1 nodes [47]
[DEBUG][φ] cut=14, deg_S=14, deg_comp=4440.0

[DEBUG] Cluster 36: 4 nodes [48, 276, 295, 313]
[DEBUG][φ] cut=23, deg_S=29, deg_comp=4425.0

[DEBUG] Cluster 37: 3 nodes [49, 303, 638]
[DEBUG][φ] cut=11, deg_S=15, deg_comp=4439.0

[DEBUG] Cluster 38: 6 nodes [50, 85, 272, 376, 464, 714]
[DEBUG][φ] cut=18, deg_S=28, deg_comp=4426.0

[DEBUG] Cluster 39: 4 nodes [51, 416, 709, 711]
[DEBUG][φ] cut=10, deg_S=16, deg_comp=4438.0

[DEBUG] Cluster 40: 3 nodes [52, 134, 278]
[DEBUG][φ] cut=27, deg_S=33, deg_comp=4421.0

[DEBUG] Cluster 41: 5 nodes [53, 155, 258, 260, 676]
[DEBUG][φ] cut=17, deg_S=29, deg_comp=4425.0

[DEBUG] Cluster 42: 3 nodes [54, 232, 572]
[DEBUG][φ] cut=10, deg_S=14, deg_comp=4440.0

[DEBUG] Cluster 43: 2 nodes [55, 261]
[DEBUG][φ] cut=9, deg_S=11, deg_comp=4443.0

[DEBUG] Cluster 44: 1 nodes [56]
[DEBUG][φ] cut=1, deg_S=1, deg_comp=4453.0

[DEBUG] Cluster 45: 4 nodes [57, 266, 780, 916]
[DEBUG][φ] cut=7, deg_S=13, deg_comp=4441.0

[DEBUG] Cluster 46: 2 nodes [58, 163]
[DEBUG][φ] cut=10, deg_S=12, deg_comp=4442.0

[DEBUG] Cluster 47: 4 nodes [59, 318, 452, 460]
[DEBUG][φ] cut=14, deg_S=20, deg_comp=4434.0

[DEBUG] Cluster 48: 2 nodes [60, 878]
[DEBUG][φ] cut=4, deg_S=6, deg_comp=4448.0

[DEBUG] Cluster 49: 5 nodes [61, 202, 654, 840, 884]
[DEBUG][φ] cut=19, deg_S=31, deg_comp=4423.0

[DEBUG] Cluster 50: 3 nodes [62, 199, 790]
[DEBUG][φ] cut=5, deg_S=9, deg_comp=4445.0

[DEBUG] Cluster 51: 3 nodes [63, 187, 488]
[DEBUG][φ] cut=11, deg_S=15, deg_comp=4439.0

[DEBUG] Cluster 52: 5 nodes [64, 131, 343, 428, 823]
[DEBUG][φ] cut=22, deg_S=34, deg_comp=4420.0

[DEBUG] Cluster 53: 5 nodes [65, 268, 673, 705, 789]
[DEBUG][φ] cut=50, deg_S=58, deg_comp=4396.0

[DEBUG] Cluster 54: 3 nodes [66, 721, 827]
[DEBUG][φ] cut=6, deg_S=12, deg_comp=4442.0

[DEBUG] Cluster 55: 4 nodes [67, 123, 434, 583]
[DEBUG][φ] cut=10, deg_S=18, deg_comp=4436.0

[DEBUG] Cluster 56: 3 nodes [68, 96, 102]
[DEBUG][φ] cut=11, deg_S=17, deg_comp=4437.0

[DEBUG] Cluster 57: 4 nodes [69, 125, 143, 519]
[DEBUG][φ] cut=26, deg_S=34, deg_comp=4420.0

[DEBUG] Cluster 58: 6 nodes [71, 388, 457, 543, 560, 810]
[DEBUG][φ] cut=10, deg_S=22, deg_comp=4432.0

[DEBUG] Cluster 59: 1 nodes [72]
[DEBUG][φ] cut=1, deg_S=1, deg_comp=4453.0

[DEBUG] Cluster 60: 4 nodes [74, 90, 390, 904]
[DEBUG][φ] cut=30, deg_S=36, deg_comp=4418.0

[DEBUG] Cluster 61: 4 nodes [76, 665, 767, 899]
[DEBUG][φ] cut=4, deg_S=10, deg_comp=4444.0

[DEBUG] Cluster 62: 4 nodes [78, 140, 161, 803]
[DEBUG][φ] cut=39, deg_S=47, deg_comp=4407.0

[DEBUG] Cluster 63: 4 nodes [79, 105, 108, 722]
[DEBUG][φ] cut=10, deg_S=16, deg_comp=4438.0

[DEBUG] Cluster 64: 3 nodes [80, 296, 877]
[DEBUG][φ] cut=18, deg_S=22, deg_comp=4432.0

[DEBUG] Cluster 65: 2 nodes [81, 675]
[DEBUG][φ] cut=1, deg_S=3, deg_comp=4451.0

[DEBUG] Cluster 66: 3 nodes [83, 337, 921]
[DEBUG][φ] cut=14, deg_S=18, deg_comp=4436.0

[DEBUG] Cluster 67: 1 nodes [84]
[DEBUG][φ] cut=4, deg_S=4, deg_comp=4450.0

[DEBUG] Cluster 68: 2 nodes [86, 719]
[DEBUG][φ] cut=5, deg_S=7, deg_comp=4447.0

[DEBUG] Cluster 69: 4 nodes [87, 193, 270, 606]
[DEBUG][φ] cut=9, deg_S=15, deg_comp=4439.0

[DEBUG] Cluster 70: 4 nodes [89, 615, 737, 795]
[DEBUG][φ] cut=10, deg_S=18, deg_comp=4436.0

[DEBUG] Cluster 71: 4 nodes [91, 184, 251, 841]
[DEBUG][φ] cut=11, deg_S=21, deg_comp=4433.0

[DEBUG] Cluster 72: 5 nodes [92, 169, 346, 564, 688]
[DEBUG][φ] cut=13, deg_S=23, deg_comp=4431.0

[DEBUG] Cluster 73: 3 nodes [94, 98, 441]
[DEBUG][φ] cut=14, deg_S=18, deg_comp=4436.0

[DEBUG] Cluster 74: 4 nodes [95, 317, 421, 451]
[DEBUG][φ] cut=15, deg_S=23, deg_comp=4431.0

[DEBUG] Cluster 75: 3 nodes [99, 446, 657]
[DEBUG][φ] cut=15, deg_S=19, deg_comp=4435.0

[DEBUG] Cluster 76: 4 nodes [100, 114, 761, 839]
[DEBUG][φ] cut=22, deg_S=28, deg_comp=4426.0

[DEBUG] Cluster 77: 2 nodes [101, 115]
[DEBUG][φ] cut=11, deg_S=13, deg_comp=4441.0

[DEBUG] Cluster 78: 4 nodes [104, 319, 799, 926]
[DEBUG][φ] cut=10, deg_S=16, deg_comp=4438.0

[DEBUG] Cluster 79: 5 nodes [106, 205, 255, 355, 774]
[DEBUG][φ] cut=25, deg_S=35, deg_comp=4419.0

[DEBUG] Cluster 80: 3 nodes [107, 154, 283]
[DEBUG][φ] cut=14, deg_S=18, deg_comp=4436.0

[DEBUG] Cluster 81: 4 nodes [110, 518, 528, 815]
[DEBUG][φ] cut=14, deg_S=20, deg_comp=4434.0

[DEBUG] Cluster 82: 3 nodes [111, 181, 854]
[DEBUG][φ] cut=13, deg_S=17, deg_comp=4437.0

[DEBUG] Cluster 83: 3 nodes [112, 363, 754]
[DEBUG][φ] cut=8, deg_S=12, deg_comp=4442.0

[DEBUG] Cluster 84: 2 nodes [113, 204]
[DEBUG][φ] cut=7, deg_S=9, deg_comp=4445.0

[DEBUG] Cluster 85: 2 nodes [116, 172]
[DEBUG][φ] cut=13, deg_S=15, deg_comp=4439.0

[DEBUG] Cluster 86: 4 nodes [118, 180, 861, 870]
[DEBUG][φ] cut=17, deg_S=23, deg_comp=4431.0

[DEBUG] Cluster 87: 2 nodes [119, 875]
[DEBUG][φ] cut=9, deg_S=11, deg_comp=4443.0

[DEBUG] Cluster 88: 4 nodes [120, 277, 351, 433]
[DEBUG][φ] cut=20, deg_S=30, deg_comp=4424.0

[DEBUG] Cluster 89: 6 nodes [121, 267, 279, 369, 461, 625]
[DEBUG][φ] cut=22, deg_S=32, deg_comp=4422.0

[DEBUG] Cluster 90: 2 nodes [124, 292]
[DEBUG][φ] cut=8, deg_S=10, deg_comp=4444.0

[DEBUG] Cluster 91: 3 nodes [126, 132, 152]
[DEBUG][φ] cut=4, deg_S=10, deg_comp=4444.0

[DEBUG] Cluster 92: 2 nodes [127, 604]
[DEBUG][φ] cut=6, deg_S=8, deg_comp=4446.0

[DEBUG] Cluster 93: 4 nodes [129, 240, 307, 330]
[DEBUG][φ] cut=40, deg_S=46, deg_comp=4408.0

[DEBUG] Cluster 94: 5 nodes [130, 700, 717, 732, 874]
[DEBUG][φ] cut=94, deg_S=102, deg_comp=4352.0

[DEBUG] Cluster 95: 4 nodes [133, 399, 400, 537]
[DEBUG][φ] cut=7, deg_S=15, deg_comp=4439.0

[DEBUG] Cluster 96: 4 nodes [135, 531, 624, 671]
[DEBUG][φ] cut=12, deg_S=18, deg_comp=4436.0

[DEBUG] Cluster 97: 3 nodes [136, 315, 748]
[DEBUG][φ] cut=7, deg_S=11, deg_comp=4443.0

[DEBUG] Cluster 98: 4 nodes [137, 553, 633, 652]
[DEBUG][φ] cut=16, deg_S=22, deg_comp=4432.0

[DEBUG] Cluster 99: 5 nodes [138, 288, 669, 703, 718]
[DEBUG][φ] cut=14, deg_S=26, deg_comp=4428.0

[DEBUG] Cluster 100: 1 nodes [139]
[DEBUG][φ] cut=2, deg_S=2, deg_comp=4452.0

[DEBUG] Cluster 101: 2 nodes [141, 794]
[DEBUG][φ] cut=21, deg_S=23, deg_comp=4431.0

[DEBUG] Cluster 102: 2 nodes [144, 800]
[DEBUG][φ] cut=4, deg_S=6, deg_comp=4448.0

[DEBUG] Cluster 103: 4 nodes [145, 404, 440, 545]
[DEBUG][φ] cut=7, deg_S=15, deg_comp=4439.0

[DEBUG] Cluster 104: 3 nodes [146, 220, 672]
[DEBUG][φ] cut=15, deg_S=19, deg_comp=4435.0

[DEBUG] Cluster 105: 1 nodes [151]
[DEBUG][φ] cut=1, deg_S=1, deg_comp=4453.0

[DEBUG] Cluster 106: 9 nodes [156, 358, 391, 690, 755, 798, 879, 888, 909]
[DEBUG][φ] cut=11, deg_S=43, deg_comp=4411.0

[DEBUG] Cluster 107: 4 nodes [159, 336, 742, 807]
[DEBUG][φ] cut=12, deg_S=18, deg_comp=4436.0

[DEBUG] Cluster 108: 6 nodes [160, 401, 407, 408, 548, 648]
[DEBUG][φ] cut=18, deg_S=30, deg_comp=4424.0

[DEBUG] Cluster 109: 3 nodes [162, 643, 756]
[DEBUG][φ] cut=12, deg_S=16, deg_comp=4438.0

[DEBUG] Cluster 110: 5 nodes [164, 191, 415, 593, 663]
[DEBUG][φ] cut=14, deg_S=28, deg_comp=4426.0

[DEBUG] Cluster 111: 2 nodes [165, 539]
[DEBUG][φ] cut=7, deg_S=9, deg_comp=4445.0

[DEBUG] Cluster 112: 2 nodes [166, 178]
[DEBUG][φ] cut=3, deg_S=5, deg_comp=4449.0

[DEBUG] Cluster 113: 2 nodes [167, 540]
[DEBUG][φ] cut=16, deg_S=18, deg_comp=4436.0

[DEBUG] Cluster 114: 2 nodes [168, 327]
[DEBUG][φ] cut=4, deg_S=6, deg_comp=4448.0

[DEBUG] Cluster 115: 1 nodes [170]
[DEBUG][φ] cut=1, deg_S=1, deg_comp=4453.0

[DEBUG] Cluster 116: 2 nodes [171, 679]
[DEBUG][φ] cut=11, deg_S=13, deg_comp=4441.0

[DEBUG] Cluster 117: 3 nodes [173, 725, 908]
[DEBUG][φ] cut=5, deg_S=11, deg_comp=4443.0

[DEBUG] Cluster 118: 3 nodes [174, 284, 529]
[DEBUG][φ] cut=11, deg_S=15, deg_comp=4439.0

[DEBUG] Cluster 119: 3 nodes [175, 514, 862]
[DEBUG][φ] cut=7, deg_S=11, deg_comp=4443.0

[DEBUG] Cluster 120: 4 nodes [177, 207, 338, 589]
[DEBUG][φ] cut=29, deg_S=35, deg_comp=4419.0

[DEBUG] Cluster 121: 2 nodes [179, 770]
[DEBUG][φ] cut=12, deg_S=14, deg_comp=4440.0

[DEBUG] Cluster 122: 3 nodes [182, 474, 871]
[DEBUG][φ] cut=8, deg_S=12, deg_comp=4442.0

[DEBUG] Cluster 123: 2 nodes [185, 379]
[DEBUG][φ] cut=4, deg_S=6, deg_comp=4448.0

[DEBUG] Cluster 124: 3 nodes [188, 341, 895]
[DEBUG][φ] cut=25, deg_S=29, deg_comp=4425.0

[DEBUG] Cluster 125: 2 nodes [189, 699]
[DEBUG][φ] cut=6, deg_S=8, deg_comp=4446.0

[DEBUG] Cluster 126: 4 nodes [190, 627, 693, 730]
[DEBUG][φ] cut=14, deg_S=20, deg_comp=4434.0

[DEBUG] Cluster 127: 4 nodes [192, 229, 243, 750]
[DEBUG][φ] cut=11, deg_S=17, deg_comp=4437.0

[DEBUG] Cluster 128: 4 nodes [194, 324, 590, 603]
[DEBUG][φ] cut=17, deg_S=25, deg_comp=4429.0

[DEBUG] Cluster 129: 3 nodes [195, 198, 225]
[DEBUG][φ] cut=6, deg_S=10, deg_comp=4444.0

[DEBUG] Cluster 130: 7 nodes [196, 249, 459, 670, 809, 863, 881]
[DEBUG][φ] cut=30, deg_S=42, deg_comp=4412.0

[DEBUG] Cluster 131: 1 nodes [197]
[DEBUG][φ] cut=1, deg_S=1, deg_comp=4453.0

[DEBUG] Cluster 132: 1 nodes [200]
[DEBUG][φ] cut=1, deg_S=1, deg_comp=4453.0

[DEBUG] Cluster 133: 7 nodes [201, 291, 377, 382, 500, 859, 892]
[DEBUG][φ] cut=20, deg_S=36, deg_comp=4418.0

[DEBUG] Cluster 134: 2 nodes [203, 552]
[DEBUG][φ] cut=11, deg_S=13, deg_comp=4441.0

[DEBUG] Cluster 135: 2 nodes [206, 316]
[DEBUG][φ] cut=16, deg_S=18, deg_comp=4436.0

[DEBUG] Cluster 136: 2 nodes [208, 504]
[DEBUG][φ] cut=5, deg_S=7, deg_comp=4447.0

[DEBUG] Cluster 137: 2 nodes [210, 321]
[DEBUG][φ] cut=4, deg_S=6, deg_comp=4448.0

[DEBUG] Cluster 138: 3 nodes [211, 320, 619]
[DEBUG][φ] cut=6, deg_S=12, deg_comp=4442.0

[DEBUG] Cluster 139: 3 nodes [214, 682, 758]
[DEBUG][φ] cut=3, deg_S=7, deg_comp=4447.0

[DEBUG] Cluster 140: 4 nodes [215, 385, 486, 605]
[DEBUG][φ] cut=6, deg_S=14, deg_comp=4440.0

[DEBUG] Cluster 141: 3 nodes [216, 550, 562]
[DEBUG][φ] cut=5, deg_S=9, deg_comp=4445.0

[DEBUG] Cluster 142: 4 nodes [217, 427, 645, 783]
[DEBUG][φ] cut=19, deg_S=25, deg_comp=4429.0

[DEBUG] Cluster 143: 4 nodes [218, 269, 342, 765]
[DEBUG][φ] cut=10, deg_S=16, deg_comp=4438.0

[DEBUG] Cluster 144: 5 nodes [219, 470, 523, 575, 710]
[DEBUG][φ] cut=23, deg_S=35, deg_comp=4419.0

[DEBUG] Cluster 145: 5 nodes [221, 222, 299, 360, 647]
[DEBUG][φ] cut=14, deg_S=22, deg_comp=4432.0

[DEBUG] Cluster 146: 4 nodes [223, 412, 746, 828]
[DEBUG][φ] cut=19, deg_S=25, deg_comp=4429.0

[DEBUG] Cluster 147: 2 nodes [224, 247]
[DEBUG][φ] cut=10, deg_S=12, deg_comp=4442.0

[DEBUG] Cluster 148: 1 nodes [226]
[DEBUG][φ] cut=3, deg_S=3, deg_comp=4451.0

[DEBUG] Cluster 149: 1 nodes [227]
[DEBUG][φ] cut=3, deg_S=3, deg_comp=4451.0

[DEBUG] Cluster 150: 5 nodes [228, 515, 578, 581, 635]
[DEBUG][φ] cut=16, deg_S=26, deg_comp=4428.0

[DEBUG] Cluster 151: 4 nodes [230, 481, 491, 557]
[DEBUG][φ] cut=7, deg_S=13, deg_comp=4441.0

[DEBUG] Cluster 152: 2 nodes [231, 445]
[DEBUG][φ] cut=4, deg_S=6, deg_comp=4448.0

[DEBUG] Cluster 153: 2 nodes [233, 646]
[DEBUG][φ] cut=4, deg_S=6, deg_comp=4448.0

[DEBUG] Cluster 154: 4 nodes [234, 534, 668, 868]
[DEBUG][φ] cut=1, deg_S=7, deg_comp=4447.0

[DEBUG] Cluster 155: 1 nodes [235]
[DEBUG][φ] cut=1, deg_S=1, deg_comp=4453.0

[DEBUG] Cluster 156: 1 nodes [236]
[DEBUG][φ] cut=1, deg_S=1, deg_comp=4453.0

[DEBUG] Cluster 157: 5 nodes [238, 310, 361, 387, 559]
[DEBUG][φ] cut=29, deg_S=37, deg_comp=4417.0

[DEBUG] Cluster 158: 2 nodes [241, 250]
[DEBUG][φ] cut=9, deg_S=11, deg_comp=4443.0

[DEBUG] Cluster 159: 4 nodes [242, 281, 334, 495]
[DEBUG][φ] cut=4, deg_S=10, deg_comp=4444.0

[DEBUG] Cluster 160: 1 nodes [244]
[DEBUG][φ] cut=2, deg_S=2, deg_comp=4452.0

[DEBUG] Cluster 161: 2 nodes [245, 661]
[DEBUG][φ] cut=9, deg_S=11, deg_comp=4443.0

[DEBUG] Cluster 162: 2 nodes [248, 708]
[DEBUG][φ] cut=6, deg_S=8, deg_comp=4446.0

[DEBUG] Cluster 163: 4 nodes [253, 308, 492, 608]
[DEBUG][φ] cut=13, deg_S=21, deg_comp=4433.0

[DEBUG] Cluster 164: 3 nodes [254, 479, 521]
[DEBUG][φ] cut=12, deg_S=16, deg_comp=4438.0

[DEBUG] Cluster 165: 4 nodes [256, 429, 598, 806]
[DEBUG][φ] cut=11, deg_S=17, deg_comp=4437.0

[DEBUG] Cluster 166: 2 nodes [259, 623]
[DEBUG][φ] cut=3, deg_S=5, deg_comp=4449.0

[DEBUG] Cluster 167: 1 nodes [263]
[DEBUG][φ] cut=16, deg_S=16, deg_comp=4438.0

[DEBUG] Cluster 168: 4 nodes [264, 655, 726, 778]
[DEBUG][φ] cut=11, deg_S=21, deg_comp=4433.0

[DEBUG] Cluster 169: 3 nodes [265, 425, 621]
[DEBUG][φ] cut=11, deg_S=15, deg_comp=4439.0

[DEBUG] Cluster 170: 5 nodes [271, 282, 473, 601, 873]
[DEBUG][φ] cut=17, deg_S=25, deg_comp=4429.0

[DEBUG] Cluster 171: 5 nodes [273, 274, 437, 592, 620]
[DEBUG][φ] cut=36, deg_S=46, deg_comp=4408.0

[DEBUG] Cluster 172: 2 nodes [275, 898]
[DEBUG][φ] cut=21, deg_S=23, deg_comp=4431.0

[DEBUG] Cluster 173: 2 nodes [280, 347]
[DEBUG][φ] cut=3, deg_S=5, deg_comp=4449.0

[DEBUG] Cluster 174: 2 nodes [287, 929]
[DEBUG][φ] cut=6, deg_S=8, deg_comp=4446.0

[DEBUG] Cluster 175: 1 nodes [289]
[DEBUG][φ] cut=1, deg_S=1, deg_comp=4453.0

[DEBUG] Cluster 176: 3 nodes [290, 314, 600]
[DEBUG][φ] cut=12, deg_S=16, deg_comp=4438.0

[DEBUG] Cluster 177: 3 nodes [297, 547, 632]
[DEBUG][φ] cut=8, deg_S=12, deg_comp=4442.0

[DEBUG] Cluster 178: 1 nodes [298]
[DEBUG][φ] cut=26, deg_S=26, deg_comp=4428.0

[DEBUG] Cluster 179: 1 nodes [300]
[DEBUG][φ] cut=1, deg_S=1, deg_comp=4453.0

[DEBUG] Cluster 180: 1 nodes [301]
[DEBUG][φ] cut=3, deg_S=3, deg_comp=4451.0

[DEBUG] Cluster 181: 5 nodes [304, 323, 389, 507, 599]
[DEBUG][φ] cut=10, deg_S=20, deg_comp=4434.0

[DEBUG] Cluster 182: 1 nodes [309]
[DEBUG][φ] cut=14, deg_S=14, deg_comp=4440.0

[DEBUG] Cluster 183: 1 nodes [311]
[DEBUG][φ] cut=49, deg_S=49, deg_comp=4405.0

[DEBUG] Cluster 184: 2 nodes [322, 533]
[DEBUG][φ] cut=10, deg_S=12, deg_comp=4442.0

[DEBUG] Cluster 185: 3 nodes [325, 402, 611]
[DEBUG][φ] cut=10, deg_S=14, deg_comp=4440.0

[DEBUG] Cluster 186: 1 nodes [328]
[DEBUG][φ] cut=1, deg_S=1, deg_comp=4453.0

[DEBUG] Cluster 187: 3 nodes [329, 701, 805]
[DEBUG][φ] cut=27, deg_S=31, deg_comp=4423.0

[DEBUG] Cluster 188: 3 nodes [331, 471, 516]
[DEBUG][φ] cut=6, deg_S=10, deg_comp=4444.0

[DEBUG] Cluster 189: 3 nodes [332, 707, 713]
[DEBUG][φ] cut=9, deg_S=13, deg_comp=4441.0

[DEBUG] Cluster 190: 4 nodes [333, 353, 453, 845]
[DEBUG][φ] cut=15, deg_S=21, deg_comp=4433.0

[DEBUG] Cluster 191: 1 nodes [335]
[DEBUG][φ] cut=1, deg_S=1, deg_comp=4453.0

[DEBUG] Cluster 192: 2 nodes [339, 463]
[DEBUG][φ] cut=5, deg_S=7, deg_comp=4447.0

[DEBUG] Cluster 193: 3 nodes [340, 350, 636]
[DEBUG][φ] cut=5, deg_S=9, deg_comp=4445.0

[DEBUG] Cluster 194: 1 nodes [345]
[DEBUG][φ] cut=1, deg_S=1, deg_comp=4453.0

[DEBUG] Cluster 195: 1 nodes [348]
[DEBUG][φ] cut=1, deg_S=1, deg_comp=4453.0

[DEBUG] Cluster 196: 2 nodes [349, 897]
[DEBUG][φ] cut=11, deg_S=13, deg_comp=4441.0

[DEBUG] Cluster 197: 1 nodes [352]
[DEBUG][φ] cut=1, deg_S=1, deg_comp=4453.0

[DEBUG] Cluster 198: 1 nodes [354]
[DEBUG][φ] cut=3, deg_S=3, deg_comp=4451.0

[DEBUG] Cluster 199: 3 nodes [356, 359, 586]
[DEBUG][φ] cut=13, deg_S=17, deg_comp=4437.0

[DEBUG] Cluster 200: 3 nodes [362, 366, 450]
[DEBUG][φ] cut=15, deg_S=21, deg_comp=4433.0

[DEBUG] Cluster 201: 1 nodes [364]
[DEBUG][φ] cut=2, deg_S=2, deg_comp=4452.0

[DEBUG] Cluster 202: 3 nodes [365, 394, 456]
[DEBUG][φ] cut=14, deg_S=20, deg_comp=4434.0

[DEBUG] Cluster 203: 2 nodes [367, 496]
[DEBUG][φ] cut=3, deg_S=5, deg_comp=4449.0

[DEBUG] Cluster 204: 3 nodes [368, 482, 526]
[DEBUG][φ] cut=16, deg_S=20, deg_comp=4434.0

[DEBUG] Cluster 205: 4 nodes [370, 372, 431, 468]
[DEBUG][φ] cut=19, deg_S=29, deg_comp=4425.0

[DEBUG] Cluster 206: 4 nodes [371, 420, 422, 424]
[DEBUG][φ] cut=2, deg_S=10, deg_comp=4444.0

[DEBUG] Cluster 207: 2 nodes [375, 477]
[DEBUG][φ] cut=6, deg_S=8, deg_comp=4446.0

[DEBUG] Cluster 208: 4 nodes [378, 478, 511, 555]
[DEBUG][φ] cut=17, deg_S=23, deg_comp=4431.0

[DEBUG] Cluster 209: 1 nodes [380]
[DEBUG][φ] cut=1, deg_S=1, deg_comp=4453.0

[DEBUG] Cluster 210: 2 nodes [383, 712]
[DEBUG][φ] cut=5, deg_S=7, deg_comp=4447.0

[DEBUG] Cluster 211: 3 nodes [384, 410, 503]
[DEBUG][φ] cut=12, deg_S=16, deg_comp=4438.0

[DEBUG] Cluster 212: 1 nodes [386]
[DEBUG][φ] cut=1, deg_S=1, deg_comp=4453.0

[DEBUG] Cluster 213: 2 nodes [396, 397]
[DEBUG][φ] cut=4, deg_S=6, deg_comp=4448.0

[DEBUG] Cluster 214: 3 nodes [403, 405, 489]
[DEBUG][φ] cut=18, deg_S=24, deg_comp=4430.0

[DEBUG] Cluster 215: 1 nodes [406]
[DEBUG][φ] cut=14, deg_S=14, deg_comp=4440.0

[DEBUG] Cluster 216: 2 nodes [411, 517]
[DEBUG][φ] cut=5, deg_S=7, deg_comp=4447.0

[DEBUG] Cluster 217: 1 nodes [413]
[DEBUG][φ] cut=1, deg_S=1, deg_comp=4453.0

[DEBUG] Cluster 218: 4 nodes [417, 418, 476, 568]
[DEBUG][φ] cut=14, deg_S=22, deg_comp=4432.0

[DEBUG] Cluster 219: 1 nodes [419]
[DEBUG][φ] cut=1, deg_S=1, deg_comp=4453.0

[DEBUG] Cluster 220: 5 nodes [423, 475, 653, 782, 919]
[DEBUG][φ] cut=15, deg_S=23, deg_comp=4431.0

[DEBUG] Cluster 221: 2 nodes [426, 808]
[DEBUG][φ] cut=5, deg_S=7, deg_comp=4447.0

[DEBUG] Cluster 222: 3 nodes [432, 527, 626]
[DEBUG][φ] cut=12, deg_S=16, deg_comp=4438.0

[DEBUG] Cluster 223: 2 nodes [435, 569]
[DEBUG][φ] cut=12, deg_S=14, deg_comp=4440.0

[DEBUG] Cluster 224: 2 nodes [436, 629]
[DEBUG][φ] cut=6, deg_S=8, deg_comp=4446.0

[DEBUG] Cluster 225: 2 nodes [438, 493]
[DEBUG][φ] cut=10, deg_S=12, deg_comp=4442.0

[DEBUG] Cluster 226: 1 nodes [442]
[DEBUG][φ] cut=16, deg_S=16, deg_comp=4438.0

[DEBUG] Cluster 227: 1 nodes [443]
[DEBUG][φ] cut=1, deg_S=1, deg_comp=4453.0

[DEBUG] Cluster 228: 3 nodes [444, 462, 490]
[DEBUG][φ] cut=5, deg_S=9, deg_comp=4445.0

[DEBUG] Cluster 229: 1 nodes [449]
[DEBUG][φ] cut=1, deg_S=1, deg_comp=4453.0

[DEBUG] Cluster 230: 2 nodes [454, 644]
[DEBUG][φ] cut=24, deg_S=26, deg_comp=4428.0

[DEBUG] Cluster 231: 1 nodes [458]
[DEBUG][φ] cut=1, deg_S=1, deg_comp=4453.0

[DEBUG] Cluster 232: 1 nodes [465]
[DEBUG][φ] cut=1, deg_S=1, deg_comp=4453.0

[DEBUG] Cluster 233: 2 nodes [466, 618]
[DEBUG][φ] cut=2, deg_S=4, deg_comp=4450.0

[DEBUG] Cluster 234: 3 nodes [467, 584, 869]
[DEBUG][φ] cut=9, deg_S=13, deg_comp=4441.0

[DEBUG] Cluster 235: 3 nodes [469, 497, 577]
[DEBUG][φ] cut=2, deg_S=8, deg_comp=4446.0

[DEBUG] Cluster 236: 1 nodes [472]
[DEBUG][φ] cut=1, deg_S=1, deg_comp=4453.0

[DEBUG] Cluster 237: 2 nodes [480, 558]
[DEBUG][φ] cut=3, deg_S=5, deg_comp=4449.0

[DEBUG] Cluster 238: 1 nodes [483]
[DEBUG][φ] cut=1, deg_S=1, deg_comp=4453.0

[DEBUG] Cluster 239: 1 nodes [484]
[DEBUG][φ] cut=1, deg_S=1, deg_comp=4453.0

[DEBUG] Cluster 240: 1 nodes [485]
[DEBUG][φ] cut=1, deg_S=1, deg_comp=4453.0

[DEBUG] Cluster 241: 3 nodes [487, 535, 649]
[DEBUG][φ] cut=11, deg_S=17, deg_comp=4437.0

[DEBUG] Cluster 242: 1 nodes [494]
[DEBUG][φ] cut=1, deg_S=1, deg_comp=4453.0

[DEBUG] Cluster 243: 5 nodes [499, 631, 634, 640, 797]
[DEBUG][φ] cut=21, deg_S=29, deg_comp=4425.0

[DEBUG] Cluster 244: 2 nodes [501, 610]
[DEBUG][φ] cut=9, deg_S=11, deg_comp=4443.0

[DEBUG] Cluster 245: 2 nodes [502, 505]
[DEBUG][φ] cut=5, deg_S=7, deg_comp=4447.0

[DEBUG] Cluster 246: 2 nodes [506, 667]
[DEBUG][φ] cut=6, deg_S=8, deg_comp=4446.0

[DEBUG] Cluster 247: 1 nodes [508]
[DEBUG][φ] cut=1, deg_S=1, deg_comp=4453.0

[DEBUG] Cluster 248: 2 nodes [509, 587]
[DEBUG][φ] cut=5, deg_S=7, deg_comp=4447.0

[DEBUG] Cluster 249: 2 nodes [510, 561]
[DEBUG][φ] cut=10, deg_S=12, deg_comp=4442.0

[DEBUG] Cluster 250: 2 nodes [512, 588]
[DEBUG][φ] cut=5, deg_S=7, deg_comp=4447.0

[DEBUG] Cluster 251: 2 nodes [513, 830]
[DEBUG][φ] cut=3, deg_S=5, deg_comp=4449.0

[DEBUG] Cluster 252: 3 nodes [520, 522, 738]
[DEBUG][φ] cut=6, deg_S=10, deg_comp=4444.0

[DEBUG] Cluster 253: 5 nodes [525, 573, 751, 781, 846]
[DEBUG][φ] cut=20, deg_S=32, deg_comp=4422.0

[DEBUG] Cluster 254: 1 nodes [530]
[DEBUG][φ] cut=1, deg_S=1, deg_comp=4453.0

[DEBUG] Cluster 255: 3 nodes [532, 576, 880]
[DEBUG][φ] cut=17, deg_S=21, deg_comp=4433.0

[DEBUG] Cluster 256: 1 nodes [542]
[DEBUG][φ] cut=1, deg_S=1, deg_comp=4453.0

[DEBUG] Cluster 257: 1 nodes [544]
[DEBUG][φ] cut=1, deg_S=1, deg_comp=4453.0

[DEBUG] Cluster 258: 1 nodes [546]
[DEBUG][φ] cut=1, deg_S=1, deg_comp=4453.0

[DEBUG] Cluster 259: 1 nodes [549]
[DEBUG][φ] cut=1, deg_S=1, deg_comp=4453.0

[DEBUG] Cluster 260: 2 nodes [551, 641]
[DEBUG][φ] cut=3, deg_S=5, deg_comp=4449.0

[DEBUG] Cluster 261: 1 nodes [554]
[DEBUG][φ] cut=1, deg_S=1, deg_comp=4453.0

[DEBUG] Cluster 262: 2 nodes [556, 594]
[DEBUG][φ] cut=4, deg_S=6, deg_comp=4448.0

[DEBUG] Cluster 263: 2 nodes [565, 607]
[DEBUG][φ] cut=3, deg_S=5, deg_comp=4449.0

[DEBUG] Cluster 264: 1 nodes [566]
[DEBUG][φ] cut=1, deg_S=1, deg_comp=4453.0

[DEBUG] Cluster 265: 2 nodes [567, 771]
[DEBUG][φ] cut=7, deg_S=9, deg_comp=4445.0

[DEBUG] Cluster 266: 1 nodes [570]
[DEBUG][φ] cut=1, deg_S=1, deg_comp=4453.0

[DEBUG] Cluster 267: 1 nodes [571]
[DEBUG][φ] cut=1, deg_S=1, deg_comp=4453.0

[DEBUG] Cluster 268: 2 nodes [574, 702]
[DEBUG][φ] cut=4, deg_S=6, deg_comp=4448.0

[DEBUG] Cluster 269: 1 nodes [579]
[DEBUG][φ] cut=1, deg_S=1, deg_comp=4453.0

[DEBUG] Cluster 270: 5 nodes [580, 614, 729, 759, 867]
[DEBUG][φ] cut=17, deg_S=29, deg_comp=4425.0

[DEBUG] Cluster 271: 2 nodes [582, 844]
[DEBUG][φ] cut=12, deg_S=14, deg_comp=4440.0

[DEBUG] Cluster 272: 1 nodes [585]
[DEBUG][φ] cut=1, deg_S=1, deg_comp=4453.0

[DEBUG] Cluster 273: 1 nodes [591]
[DEBUG][φ] cut=1, deg_S=1, deg_comp=4453.0

[DEBUG] Cluster 274: 2 nodes [595, 602]
[DEBUG][φ] cut=11, deg_S=13, deg_comp=4441.0

[DEBUG] Cluster 275: 1 nodes [596]
[DEBUG][φ] cut=1, deg_S=1, deg_comp=4453.0

[DEBUG] Cluster 276: 1 nodes [597]
[DEBUG][φ] cut=1, deg_S=1, deg_comp=4453.0

[DEBUG] Cluster 277: 1 nodes [609]
[DEBUG][φ] cut=1, deg_S=1, deg_comp=4453.0

[DEBUG] Cluster 278: 1 nodes [612]
[DEBUG][φ] cut=1, deg_S=1, deg_comp=4453.0

[DEBUG] Cluster 279: 1 nodes [613]
[DEBUG][φ] cut=1, deg_S=1, deg_comp=4453.0

[DEBUG] Cluster 280: 3 nodes [616, 745, 896]
[DEBUG][φ] cut=10, deg_S=16, deg_comp=4438.0

[DEBUG] Cluster 281: 1 nodes [617]
[DEBUG][φ] cut=1, deg_S=1, deg_comp=4453.0

[DEBUG] Cluster 282: 2 nodes [622, 656]
[DEBUG][φ] cut=1, deg_S=3, deg_comp=4451.0

[DEBUG] Cluster 283: 1 nodes [628]
[DEBUG][φ] cut=1, deg_S=1, deg_comp=4453.0

[DEBUG] Cluster 284: 1 nodes [630]
[DEBUG][φ] cut=1, deg_S=1, deg_comp=4453.0

[DEBUG] Cluster 285: 2 nodes [637, 685]
[DEBUG][φ] cut=9, deg_S=11, deg_comp=4443.0

[DEBUG] Cluster 286: 1 nodes [639]
[DEBUG][φ] cut=1, deg_S=1, deg_comp=4453.0

[DEBUG] Cluster 287: 1 nodes [642]
[DEBUG][φ] cut=1, deg_S=1, deg_comp=4453.0

[DEBUG] Cluster 288: 1 nodes [650]
[DEBUG][φ] cut=1, deg_S=1, deg_comp=4453.0

[DEBUG] Cluster 289: 1 nodes [651]
[DEBUG][φ] cut=1, deg_S=1, deg_comp=4453.0

[DEBUG] Cluster 290: 1 nodes [658]
[DEBUG][φ] cut=1, deg_S=1, deg_comp=4453.0

[DEBUG] Cluster 291: 1 nodes [660]
[DEBUG][φ] cut=1, deg_S=1, deg_comp=4453.0

[DEBUG] Cluster 292: 1 nodes [662]
[DEBUG][φ] cut=1, deg_S=1, deg_comp=4453.0

[DEBUG] Cluster 293: 1 nodes [666]
[DEBUG][φ] cut=1, deg_S=1, deg_comp=4453.0

[DEBUG] Cluster 294: 1 nodes [674]
[DEBUG][φ] cut=1, deg_S=1, deg_comp=4453.0

[DEBUG] Cluster 295: 1 nodes [677]
[DEBUG][φ] cut=2, deg_S=2, deg_comp=4452.0

[DEBUG] Cluster 296: 1 nodes [678]
[DEBUG][φ] cut=2, deg_S=2, deg_comp=4452.0

[DEBUG] Cluster 297: 1 nodes [680]
[DEBUG][φ] cut=3, deg_S=3, deg_comp=4451.0

[DEBUG] Cluster 298: 5 nodes [681, 683, 684, 691, 821]
[DEBUG][φ] cut=7, deg_S=15, deg_comp=4439.0

[DEBUG] Cluster 299: 1 nodes [686]
[DEBUG][φ] cut=2, deg_S=2, deg_comp=4452.0

[DEBUG] Cluster 300: 1 nodes [692]
[DEBUG][φ] cut=1, deg_S=1, deg_comp=4453.0

[DEBUG] Cluster 301: 1 nodes [694]
[DEBUG][φ] cut=1, deg_S=1, deg_comp=4453.0

[DEBUG] Cluster 302: 2 nodes [695, 739]
[DEBUG][φ] cut=1, deg_S=3, deg_comp=4451.0

[DEBUG] Cluster 303: 1 nodes [696]
[DEBUG][φ] cut=2, deg_S=2, deg_comp=4452.0

[DEBUG] Cluster 304: 1 nodes [697]
[DEBUG][φ] cut=2, deg_S=2, deg_comp=4452.0

[DEBUG] Cluster 305: 1 nodes [698]
[DEBUG][φ] cut=2, deg_S=2, deg_comp=4452.0

[DEBUG] Cluster 306: 1 nodes [704]
[DEBUG][φ] cut=1, deg_S=1, deg_comp=4453.0

[DEBUG] Cluster 307: 2 nodes [706, 724]
[DEBUG][φ] cut=6, deg_S=8, deg_comp=4446.0

[DEBUG] Cluster 308: 1 nodes [716]
[DEBUG][φ] cut=1, deg_S=1, deg_comp=4453.0

[DEBUG] Cluster 309: 3 nodes [720, 791, 834]
[DEBUG][φ] cut=1, deg_S=5, deg_comp=4449.0

[DEBUG] Cluster 310: 2 nodes [723, 915]
[DEBUG][φ] cut=1, deg_S=3, deg_comp=4451.0

[DEBUG] Cluster 311: 1 nodes [727]
[DEBUG][φ] cut=1, deg_S=1, deg_comp=4453.0

[DEBUG] Cluster 312: 1 nodes [728]
[DEBUG][φ] cut=1, deg_S=1, deg_comp=4453.0

[DEBUG] Cluster 313: 1 nodes [731]
[DEBUG][φ] cut=1, deg_S=1, deg_comp=4453.0

[DEBUG] Cluster 314: 2 nodes [733, 734]
[DEBUG][φ] cut=2, deg_S=4, deg_comp=4450.0

[DEBUG] Cluster 315: 4 nodes [735, 772, 820, 842]
[DEBUG][φ] cut=4, deg_S=10, deg_comp=4444.0

[DEBUG] Cluster 316: 3 nodes [736, 801, 829]
[DEBUG][φ] cut=3, deg_S=9, deg_comp=4445.0

[DEBUG] Cluster 317: 5 nodes [741, 814, 856, 885, 887]
[DEBUG][φ] cut=3, deg_S=21, deg_comp=4433.0

[DEBUG] Cluster 318: 1 nodes [743]
[DEBUG][φ] cut=1, deg_S=1, deg_comp=4453.0

[DEBUG] Cluster 319: 1 nodes [747]
[DEBUG][φ] cut=1, deg_S=1, deg_comp=4453.0

[DEBUG] Cluster 320: 2 nodes [749, 775]
[DEBUG][φ] cut=7, deg_S=9, deg_comp=4445.0

[DEBUG] Cluster 321: 1 nodes [752]
[DEBUG][φ] cut=1, deg_S=1, deg_comp=4453.0

[DEBUG] Cluster 322: 1 nodes [753]
[DEBUG][φ] cut=1, deg_S=1, deg_comp=4453.0

[DEBUG] Cluster 323: 1 nodes [757]
[DEBUG][φ] cut=3, deg_S=3, deg_comp=4451.0

[DEBUG] Cluster 324: 1 nodes [760]
[DEBUG][φ] cut=1, deg_S=1, deg_comp=4453.0

[DEBUG] Cluster 325: 1 nodes [762]
[DEBUG][φ] cut=1, deg_S=1, deg_comp=4453.0

[DEBUG] Cluster 326: 1 nodes [763]
[DEBUG][φ] cut=1, deg_S=1, deg_comp=4453.0

[DEBUG] Cluster 327: 2 nodes [764, 768]
[DEBUG][φ] cut=8, deg_S=10, deg_comp=4444.0

[DEBUG] Cluster 328: 1 nodes [766]
[DEBUG][φ] cut=1, deg_S=1, deg_comp=4453.0

[DEBUG] Cluster 329: 1 nodes [769]
[DEBUG][φ] cut=1, deg_S=1, deg_comp=4453.0

[DEBUG] Cluster 330: 1 nodes [773]
[DEBUG][φ] cut=1, deg_S=1, deg_comp=4453.0

[DEBUG] Cluster 331: 3 nodes [776, 836, 852]
[DEBUG][φ] cut=3, deg_S=7, deg_comp=4447.0

[DEBUG] Cluster 332: 2 nodes [777, 792]
[DEBUG][φ] cut=7, deg_S=9, deg_comp=4445.0

[DEBUG] Cluster 333: 1 nodes [779]
[DEBUG][φ] cut=1, deg_S=1, deg_comp=4453.0

[DEBUG] Cluster 334: 1 nodes [784]
[DEBUG][φ] cut=1, deg_S=1, deg_comp=4453.0

[DEBUG] Cluster 335: 1 nodes [785]
[DEBUG][φ] cut=1, deg_S=1, deg_comp=4453.0

[DEBUG] Cluster 336: 1 nodes [786]
[DEBUG][φ] cut=1, deg_S=1, deg_comp=4453.0

[DEBUG] Cluster 337: 1 nodes [787]
[DEBUG][φ] cut=1, deg_S=1, deg_comp=4453.0

[DEBUG] Cluster 338: 1 nodes [788]
[DEBUG][φ] cut=1, deg_S=1, deg_comp=4453.0

[DEBUG] Cluster 339: 1 nodes [793]
[DEBUG][φ] cut=1, deg_S=1, deg_comp=4453.0

[DEBUG] Cluster 340: 1 nodes [804]
[DEBUG][φ] cut=1, deg_S=1, deg_comp=4453.0

[DEBUG] Cluster 341: 1 nodes [811]
[DEBUG][φ] cut=1, deg_S=1, deg_comp=4453.0

[DEBUG] Cluster 342: 1 nodes [812]
[DEBUG][φ] cut=2, deg_S=2, deg_comp=4452.0

[DEBUG] Cluster 343: 1 nodes [813]
[DEBUG][φ] cut=1, deg_S=1, deg_comp=4453.0

[DEBUG] Cluster 344: 1 nodes [816]
[DEBUG][φ] cut=1, deg_S=1, deg_comp=4453.0

[DEBUG] Cluster 345: 2 nodes [817, 934]
[DEBUG][φ] cut=2, deg_S=4, deg_comp=4450.0

[DEBUG] Cluster 346: 1 nodes [818]
[DEBUG][φ] cut=1, deg_S=1, deg_comp=4453.0

[DEBUG] Cluster 347: 1 nodes [819]
[DEBUG][φ] cut=1, deg_S=1, deg_comp=4453.0

[DEBUG] Cluster 348: 1 nodes [822]
[DEBUG][φ] cut=1, deg_S=1, deg_comp=4453.0

[DEBUG] Cluster 349: 1 nodes [824]
[DEBUG][φ] cut=1, deg_S=1, deg_comp=4453.0

[DEBUG] Cluster 350: 1 nodes [825]
[DEBUG][φ] cut=1, deg_S=1, deg_comp=4453.0

[DEBUG] Cluster 351: 1 nodes [826]
[DEBUG][φ] cut=1, deg_S=1, deg_comp=4453.0

[DEBUG] Cluster 352: 1 nodes [831]
[DEBUG][φ] cut=1, deg_S=1, deg_comp=4453.0

[DEBUG] Cluster 353: 1 nodes [832]
[DEBUG][φ] cut=1, deg_S=1, deg_comp=4453.0

[DEBUG] Cluster 354: 1 nodes [835]
[DEBUG][φ] cut=1, deg_S=1, deg_comp=4453.0

[DEBUG] Cluster 355: 1 nodes [837]
[DEBUG][φ] cut=1, deg_S=1, deg_comp=4453.0

[DEBUG] Cluster 356: 1 nodes [838]
[DEBUG][φ] cut=1, deg_S=1, deg_comp=4453.0

[DEBUG] Cluster 357: 1 nodes [843]
[DEBUG][φ] cut=1, deg_S=1, deg_comp=4453.0

[DEBUG] Cluster 358: 1 nodes [847]
[DEBUG][φ] cut=1, deg_S=1, deg_comp=4453.0

[DEBUG] Cluster 359: 2 nodes [848, 849]
[DEBUG][φ] cut=1, deg_S=3, deg_comp=4451.0

[DEBUG] Cluster 360: 1 nodes [850]
[DEBUG][φ] cut=1, deg_S=1, deg_comp=4453.0

[DEBUG] Cluster 361: 1 nodes [853]
[DEBUG][φ] cut=1, deg_S=1, deg_comp=4453.0

[DEBUG] Cluster 362: 1 nodes [855]
[DEBUG][φ] cut=1, deg_S=1, deg_comp=4453.0

[DEBUG] Cluster 363: 1 nodes [860]
[DEBUG][φ] cut=2, deg_S=2, deg_comp=4452.0

[DEBUG] Cluster 364: 1 nodes [864]
[DEBUG][φ] cut=1, deg_S=1, deg_comp=4453.0

[DEBUG] Cluster 365: 1 nodes [865]
[DEBUG][φ] cut=2, deg_S=2, deg_comp=4452.0

[DEBUG] Cluster 366: 1 nodes [866]
[DEBUG][φ] cut=1, deg_S=1, deg_comp=4453.0

[DEBUG] Cluster 367: 1 nodes [872]
[DEBUG][φ] cut=2, deg_S=2, deg_comp=4452.0

[DEBUG] Cluster 368: 1 nodes [876]
[DEBUG][φ] cut=1, deg_S=1, deg_comp=4453.0

[DEBUG] Cluster 369: 1 nodes [882]
[DEBUG][φ] cut=1, deg_S=1, deg_comp=4453.0

[DEBUG] Cluster 370: 1 nodes [883]
[DEBUG][φ] cut=1, deg_S=1, deg_comp=4453.0

[DEBUG] Cluster 371: 1 nodes [889]
[DEBUG][φ] cut=1, deg_S=1, deg_comp=4453.0

[DEBUG] Cluster 372: 1 nodes [890]
[DEBUG][φ] cut=1, deg_S=1, deg_comp=4453.0

[DEBUG] Cluster 373: 1 nodes [891]
[DEBUG][φ] cut=1, deg_S=1, deg_comp=4453.0

[DEBUG] Cluster 374: 1 nodes [893]
[DEBUG][φ] cut=1, deg_S=1, deg_comp=4453.0

[DEBUG] Cluster 375: 1 nodes [894]
[DEBUG][φ] cut=1, deg_S=1, deg_comp=4453.0

[DEBUG] Cluster 376: 1 nodes [901]
[DEBUG][φ] cut=1, deg_S=1, deg_comp=4453.0

[DEBUG] Cluster 377: 1 nodes [902]
[DEBUG][φ] cut=1, deg_S=1, deg_comp=4453.0

[DEBUG] Cluster 378: 1 nodes [903]
[DEBUG][φ] cut=1, deg_S=1, deg_comp=4453.0

[DEBUG] Cluster 379: 1 nodes [906]
[DEBUG][φ] cut=1, deg_S=1, deg_comp=4453.0

[DEBUG] Cluster 380: 1 nodes [907]
[DEBUG][φ] cut=1, deg_S=1, deg_comp=4453.0

[DEBUG] Cluster 381: 1 nodes [910]
[DEBUG][φ] cut=1, deg_S=1, deg_comp=4453.0

[DEBUG] Cluster 382: 1 nodes [911]
[DEBUG][φ] cut=1, deg_S=1, deg_comp=4453.0

[DEBUG] Cluster 383: 1 nodes [912]
[DEBUG][φ] cut=1, deg_S=1, deg_comp=4453.0

[DEBUG] Cluster 384: 1 nodes [913]
[DEBUG][φ] cut=1, deg_S=1, deg_comp=4453.0

[DEBUG] Cluster 385: 1 nodes [914]
[DEBUG][φ] cut=1, deg_S=1, deg_comp=4453.0

[DEBUG] Cluster 386: 1 nodes [917]
[DEBUG][φ] cut=1, deg_S=1, deg_comp=4453.0

[DEBUG] Cluster 387: 1 nodes [918]
[DEBUG][φ] cut=1, deg_S=1, deg_comp=4453.0

[DEBUG] Cluster 388: 1 nodes [922]
[DEBUG][φ] cut=1, deg_S=1, deg_comp=4453.0

[DEBUG] Cluster 389: 1 nodes [923]
[DEBUG][φ] cut=1, deg_S=1, deg_comp=4453.0

[DEBUG] Cluster 390: 1 nodes [924]
[DEBUG][φ] cut=1, deg_S=1, deg_comp=4453.0

[DEBUG] Cluster 391: 1 nodes [925]
[DEBUG][φ] cut=1, deg_S=1, deg_comp=4453.0

[DEBUG] Cluster 392: 1 nodes [927]
[DEBUG][φ] cut=1, deg_S=1, deg_comp=4453.0

[DEBUG] Cluster 393: 1 nodes [928]
[DEBUG][φ] cut=1, deg_S=1, deg_comp=4453.0

[DEBUG] Cluster 394: 1 nodes [930]
[DEBUG][φ] cut=1, deg_S=1, deg_comp=4453.0

[DEBUG] Cluster 395: 1 nodes [931]
[DEBUG][φ] cut=1, deg_S=1, deg_comp=4453.0

[DEBUG] Cluster 396: 1 nodes [932]
[DEBUG][φ] cut=1, deg_S=1, deg_comp=4453.0

[DEBUG] Cluster 397: 1 nodes [935]
[DEBUG][φ] cut=1, deg_S=1, deg_comp=4453.0

[DEBUG] Cluster 398: 1 nodes [936]
[DEBUG][φ] cut=1, deg_S=1, deg_comp=4453.0

[DEBUG] Cluster 399: 1 nodes [937]
[DEBUG][φ] cut=1, deg_S=1, deg_comp=4453.0

[DEBUG] Cluster 400: 1 nodes [938]
[DEBUG][φ] cut=1, deg_S=1, deg_comp=4453.0

[DEBUG] Cluster 401: 1 nodes [939]
[DEBUG][φ] cut=1, deg_S=1, deg_comp=4453.0

[DEBUG] Cluster 402: 1 nodes [940]
[DEBUG][φ] cut=2, deg_S=2, deg_comp=4452.0
[DEBUG] Average unweighted conductance - Standard: 0.8044
[TIMING] conductance_evaluation: 0.052s
CMG filtered clustering pipeline complete
[CMG] Found 403 clusters, λ_critical ≈ 0.3333
[CMG] Coarsened to 403 nodes, 1193 edges
[CMG] Coarsening Level: 3
[CMG] Current nodes: 403, edges: 1193
[DEBUG] Starting CMG filtered clustering pipeline
[DEBUG] Parameters: k=10, d=15, threshold=0.1
[DEBUG] λ_critical ≈ 0.3333 for filter order k = 10
[DEBUG] Original graph: 403 nodes, 2386 edges
[DEBUG] Building normalized Laplacian
[TIMING] laplacian_construction: 0.003s
Applying spectral filter with k=10, input shape=(403, 15)
Spectral filtering complete. Output shape=(403, 15)
[TIMING] spectral_filtering: 0.005s
Reweighted adjacency matrix has 2028 nonzeros
[TIMING] graph_reweighting: 0.002s
[DEBUG] Reweighted graph: 2028 edges
[DEBUG] Calling CMG on reweighted Laplacian
[DEBUG] CMG found 254 clusters
[DEBUG] Converted clusters (0-indexed): [  0   1   2   3   4   5   6   7   8   9  10  11  12  13  14  15  16   2
  17  18  19  20  21  22  23   4  24  25  18  26  27  11  28  18  23  29
  30  31   0  32  33  34  35  36  37  33  33  23  38  39  40  41  42  43
  44  45  46  28  27  47  48  49  50  27  51  18  39   7   9  52  53  54
  51   6  55  56  57  58  28  59   6  60  61  56  32  62  63  64  65  66
  60  67  55  19  31  68  69  35  70  71  72  73  56  74  75  76   4  77
   8  78  29   5  13  71  23  79  48   2  39  80   2   0  28   5  81  45
  23  45  27  54  28  82  83  84  23  35  20  85  74  62  61  81  75  51
  86   4  51  14  87  88  63  89  56  14  13  90  91  36  92  16  93  94
  48   0  95  94  96  97  56  98  53  99 100  35  48 101  16  81  97 102
 103  23 104  12  17  24 105  66  75  46  12 106 107  31 108 109  19 110
 111  63  29 112 107  80 113  75   9  97  98 114  74  80 115  80  41  29
  35 116  16 117 118  68  24   2  35  60 119 120  70 121   8 122 123  52
   8  96 124  64 125 126 127  61 128 119 119  34  23 129  24  41  92   4
  29  94 130  75 131 132 133 134   9 135  71  74 136  97 137 138  39 139
 140  33 141 142   6 143 144 145 146 147  51 148 149 150 151  92 152 153
 154 155 156 157 158 159 160 161 162 163  69 164 165 166  40 167 168 169
 170  53 171  85 172 173 174 175 100  89  38   7 176 177  45 178 179 180
 181 182 183  97 184 185 186  97  56 187 188 189 190 191 192 193 194 195
 167 196 197 118 198 199 200 201 202 203 204 205 206 207 208 209 210  77
 211 212 213 214 215 216 217 218 219 220 221 222 223 224 225 226 227 228
 229 230 231 232 233 234 235 236 237 238 239 240 241 242 243 244 245 246
 247 248 249 250 251 252 253]
[TIMING] cmg_clustering: 0.002s
[DEBUG] Unweighted graph: 403 nodes, 2386 edges

[DEBUG] Cluster 0: 4 nodes [0, 38, 121, 163]
[DEBUG][φ] cut=32, deg_S=40, deg_comp=2346.0

[DEBUG] Cluster 1: 1 nodes [1]
[DEBUG][φ] cut=14, deg_S=14, deg_comp=2372.0

[DEBUG] Cluster 2: 5 nodes [2, 17, 117, 120, 223]
[DEBUG][φ] cut=44, deg_S=52, deg_comp=2334.0

[DEBUG] Cluster 3: 1 nodes [3]
[DEBUG][φ] cut=9, deg_S=9, deg_comp=2377.0

[DEBUG] Cluster 4: 5 nodes [4, 25, 106, 145, 251]
[DEBUG][φ] cut=36, deg_S=44, deg_comp=2342.0

[DEBUG] Cluster 5: 3 nodes [5, 111, 123]
[DEBUG][φ] cut=13, deg_S=17, deg_comp=2369.0

[DEBUG] Cluster 6: 4 nodes [6, 73, 80, 274]
[DEBUG][φ] cut=22, deg_S=32, deg_comp=2354.0

[DEBUG] Cluster 7: 3 nodes [7, 67, 317]
[DEBUG][φ] cut=8, deg_S=12, deg_comp=2374.0

[DEBUG] Cluster 8: 4 nodes [8, 108, 230, 234]
[DEBUG][φ] cut=47, deg_S=53, deg_comp=2333.0

[DEBUG] Cluster 9: 4 nodes [9, 68, 206, 260]
[DEBUG][φ] cut=9, deg_S=15, deg_comp=2371.0

[DEBUG] Cluster 10: 1 nodes [10]
[DEBUG][φ] cut=22, deg_S=22, deg_comp=2364.0

[DEBUG] Cluster 11: 2 nodes [11, 31]
[DEBUG][φ] cut=11, deg_S=13, deg_comp=2373.0

[DEBUG] Cluster 12: 3 nodes [12, 183, 190]
[DEBUG][φ] cut=43, deg_S=47, deg_comp=2339.0

[DEBUG] Cluster 13: 3 nodes [13, 112, 154]
[DEBUG][φ] cut=27, deg_S=31, deg_comp=2355.0

[DEBUG] Cluster 14: 3 nodes [14, 147, 153]
[DEBUG][φ] cut=13, deg_S=17, deg_comp=2369.0

[DEBUG] Cluster 15: 1 nodes [15]
[DEBUG][φ] cut=25, deg_S=25, deg_comp=2361.0

[DEBUG] Cluster 16: 4 nodes [16, 159, 176, 218]
[DEBUG][φ] cut=28, deg_S=34, deg_comp=2352.0

[DEBUG] Cluster 17: 2 nodes [18, 184]
[DEBUG][φ] cut=13, deg_S=15, deg_comp=2371.0

[DEBUG] Cluster 18: 4 nodes [19, 28, 33, 65]
[DEBUG][φ] cut=6, deg_S=14, deg_comp=2372.0

[DEBUG] Cluster 19: 3 nodes [20, 93, 196]
[DEBUG][φ] cut=33, deg_S=39, deg_comp=2347.0

[DEBUG] Cluster 20: 2 nodes [21, 136]
[DEBUG][φ] cut=3, deg_S=5, deg_comp=2381.0

[DEBUG] Cluster 21: 1 nodes [22]
[DEBUG][φ] cut=13, deg_S=13, deg_comp=2373.0

[DEBUG] Cluster 22: 1 nodes [23]
[DEBUG][φ] cut=16, deg_S=16, deg_comp=2370.0

[DEBUG] Cluster 23: 8 nodes [24, 34, 47, 114, 126, 134, 181, 246]
[DEBUG][φ] cut=20, deg_S=46, deg_comp=2340.0

[DEBUG] Cluster 24: 4 nodes [26, 185, 222, 248]
[DEBUG][φ] cut=23, deg_S=31, deg_comp=2355.0

[DEBUG] Cluster 25: 1 nodes [27]
[DEBUG][φ] cut=32, deg_S=32, deg_comp=2354.0

[DEBUG] Cluster 26: 1 nodes [29]
[DEBUG][φ] cut=18, deg_S=18, deg_comp=2368.0

[DEBUG] Cluster 27: 4 nodes [30, 58, 63, 128]
[DEBUG][φ] cut=35, deg_S=43, deg_comp=2343.0

[DEBUG] Cluster 28: 5 nodes [32, 57, 78, 122, 130]
[DEBUG][φ] cut=48, deg_S=62, deg_comp=2324.0

[DEBUG] Cluster 29: 5 nodes [35, 110, 200, 215, 252]
[DEBUG][φ] cut=24, deg_S=40, deg_comp=2346.0

[DEBUG] Cluster 30: 1 nodes [36]
[DEBUG][φ] cut=20, deg_S=20, deg_comp=2366.0

[DEBUG] Cluster 31: 3 nodes [37, 94, 193]
[DEBUG][φ] cut=58, deg_S=62, deg_comp=2324.0

[DEBUG] Cluster 32: 2 nodes [39, 84]
[DEBUG][φ] cut=10, deg_S=12, deg_comp=2374.0

[DEBUG] Cluster 33: 4 nodes [40, 45, 46, 271]
[DEBUG][φ] cut=35, deg_S=41, deg_comp=2345.0

[DEBUG] Cluster 34: 2 nodes [41, 245]
[DEBUG][φ] cut=13, deg_S=15, deg_comp=2371.0

[DEBUG] Cluster 35: 6 nodes [42, 97, 135, 173, 216, 224]
[DEBUG][φ] cut=8, deg_S=28, deg_comp=2358.0

[DEBUG] Cluster 36: 2 nodes [43, 157]
[DEBUG][φ] cut=25, deg_S=27, deg_comp=2359.0

[DEBUG] Cluster 37: 1 nodes [44]
[DEBUG][φ] cut=1, deg_S=1, deg_comp=2385.0

[DEBUG] Cluster 38: 2 nodes [48, 316]
[DEBUG][φ] cut=2, deg_S=4, deg_comp=2382.0

[DEBUG] Cluster 39: 4 nodes [49, 66, 118, 268]
[DEBUG][φ] cut=34, deg_S=40, deg_comp=2346.0

[DEBUG] Cluster 40: 2 nodes [50, 302]
[DEBUG][φ] cut=2, deg_S=4, deg_comp=2382.0

[DEBUG] Cluster 41: 3 nodes [51, 214, 249]
[DEBUG][φ] cut=23, deg_S=29, deg_comp=2357.0

[DEBUG] Cluster 42: 1 nodes [52]
[DEBUG][φ] cut=18, deg_S=18, deg_comp=2368.0

[DEBUG] Cluster 43: 1 nodes [53]
[DEBUG][φ] cut=39, deg_S=39, deg_comp=2347.0

[DEBUG] Cluster 44: 1 nodes [54]
[DEBUG][φ] cut=4, deg_S=4, deg_comp=2382.0

[DEBUG] Cluster 45: 4 nodes [55, 125, 127, 320]
[DEBUG][φ] cut=22, deg_S=28, deg_comp=2358.0

[DEBUG] Cluster 46: 2 nodes [56, 189]
[DEBUG][φ] cut=14, deg_S=16, deg_comp=2370.0

[DEBUG] Cluster 47: 1 nodes [59]
[DEBUG][φ] cut=1, deg_S=1, deg_comp=2385.0

[DEBUG] Cluster 48: 4 nodes [60, 116, 162, 174]
[DEBUG][φ] cut=36, deg_S=44, deg_comp=2342.0

[DEBUG] Cluster 49: 1 nodes [61]
[DEBUG][φ] cut=1, deg_S=1, deg_comp=2385.0

[DEBUG] Cluster 50: 1 nodes [62]
[DEBUG][φ] cut=26, deg_S=26, deg_comp=2360.0

[DEBUG] Cluster 51: 5 nodes [64, 72, 143, 146, 280]
[DEBUG][φ] cut=42, deg_S=54, deg_comp=2332.0

[DEBUG] Cluster 52: 2 nodes [69, 233]
[DEBUG][φ] cut=7, deg_S=9, deg_comp=2377.0

[DEBUG] Cluster 53: 3 nodes [70, 170, 307]
[DEBUG][φ] cut=20, deg_S=24, deg_comp=2362.0

[DEBUG] Cluster 54: 2 nodes [71, 129]
[DEBUG][φ] cut=6, deg_S=8, deg_comp=2378.0

[DEBUG] Cluster 55: 2 nodes [74, 92]
[DEBUG][φ] cut=14, deg_S=16, deg_comp=2370.0

[DEBUG] Cluster 56: 6 nodes [75, 83, 102, 152, 168, 332]
[DEBUG][φ] cut=10, deg_S=28, deg_comp=2358.0

[DEBUG] Cluster 57: 1 nodes [76]
[DEBUG][φ] cut=20, deg_S=20, deg_comp=2366.0

[DEBUG] Cluster 58: 1 nodes [77]
[DEBUG][φ] cut=7, deg_S=7, deg_comp=2379.0

[DEBUG] Cluster 59: 1 nodes [79]
[DEBUG][φ] cut=15, deg_S=15, deg_comp=2371.0

[DEBUG] Cluster 60: 3 nodes [81, 90, 225]
[DEBUG][φ] cut=21, deg_S=27, deg_comp=2359.0

[DEBUG] Cluster 61: 3 nodes [82, 140, 241]
[DEBUG][φ] cut=21, deg_S=25, deg_comp=2361.0

[DEBUG] Cluster 62: 2 nodes [85, 139]
[DEBUG][φ] cut=9, deg_S=11, deg_comp=2375.0

[DEBUG] Cluster 63: 3 nodes [86, 150, 199]
[DEBUG][φ] cut=23, deg_S=29, deg_comp=2357.0

[DEBUG] Cluster 64: 2 nodes [87, 237]
[DEBUG][φ] cut=9, deg_S=11, deg_comp=2375.0

[DEBUG] Cluster 65: 1 nodes [88]
[DEBUG][φ] cut=12, deg_S=12, deg_comp=2374.0

[DEBUG] Cluster 66: 2 nodes [89, 187]
[DEBUG][φ] cut=42, deg_S=44, deg_comp=2342.0

[DEBUG] Cluster 67: 1 nodes [91]
[DEBUG][φ] cut=1, deg_S=1, deg_comp=2385.0

[DEBUG] Cluster 68: 2 nodes [95, 221]
[DEBUG][φ] cut=9, deg_S=11, deg_comp=2375.0

[DEBUG] Cluster 69: 2 nodes [96, 298]
[DEBUG][φ] cut=12, deg_S=14, deg_comp=2372.0

[DEBUG] Cluster 70: 2 nodes [98, 228]
[DEBUG][φ] cut=10, deg_S=12, deg_comp=2374.0

[DEBUG] Cluster 71: 3 nodes [99, 113, 262]
[DEBUG][φ] cut=23, deg_S=27, deg_comp=2359.0

[DEBUG] Cluster 72: 1 nodes [100]
[DEBUG][φ] cut=2, deg_S=2, deg_comp=2384.0

[DEBUG] Cluster 73: 1 nodes [101]
[DEBUG][φ] cut=20, deg_S=20, deg_comp=2366.0

[DEBUG] Cluster 74: 4 nodes [103, 138, 210, 263]
[DEBUG][φ] cut=12, deg_S=20, deg_comp=2366.0

[DEBUG] Cluster 75: 5 nodes [104, 142, 188, 205, 255]
[DEBUG][φ] cut=42, deg_S=52, deg_comp=2334.0

[DEBUG] Cluster 76: 1 nodes [105]
[DEBUG][φ] cut=1, deg_S=1, deg_comp=2385.0

[DEBUG] Cluster 77: 2 nodes [107, 359]
[DEBUG][φ] cut=7, deg_S=9, deg_comp=2377.0

[DEBUG] Cluster 78: 1 nodes [109]
[DEBUG][φ] cut=10, deg_S=10, deg_comp=2376.0

[DEBUG] Cluster 79: 1 nodes [115]
[DEBUG][φ] cut=1, deg_S=1, deg_comp=2385.0

[DEBUG] Cluster 80: 4 nodes [119, 203, 211, 213]
[DEBUG][φ] cut=13, deg_S=21, deg_comp=2365.0

[DEBUG] Cluster 81: 3 nodes [124, 141, 177]
[DEBUG][φ] cut=27, deg_S=31, deg_comp=2355.0

[DEBUG] Cluster 82: 1 nodes [131]
[DEBUG][φ] cut=1, deg_S=1, deg_comp=2385.0

[DEBUG] Cluster 83: 1 nodes [132]
[DEBUG][φ] cut=1, deg_S=1, deg_comp=2385.0

[DEBUG] Cluster 84: 1 nodes [133]
[DEBUG][φ] cut=12, deg_S=12, deg_comp=2374.0

[DEBUG] Cluster 85: 2 nodes [137, 309]
[DEBUG][φ] cut=2, deg_S=4, deg_comp=2382.0

[DEBUG] Cluster 86: 1 nodes [144]
[DEBUG][φ] cut=19, deg_S=19, deg_comp=2367.0

[DEBUG] Cluster 87: 1 nodes [148]
[DEBUG][φ] cut=3, deg_S=3, deg_comp=2383.0

[DEBUG] Cluster 88: 1 nodes [149]
[DEBUG][φ] cut=3, deg_S=3, deg_comp=2383.0

[DEBUG] Cluster 89: 2 nodes [151, 315]
[DEBUG][φ] cut=7, deg_S=9, deg_comp=2377.0

[DEBUG] Cluster 90: 1 nodes [155]
[DEBUG][φ] cut=1, deg_S=1, deg_comp=2385.0

[DEBUG] Cluster 91: 1 nodes [156]
[DEBUG][φ] cut=1, deg_S=1, deg_comp=2385.0

[DEBUG] Cluster 92: 3 nodes [158, 250, 285]
[DEBUG][φ] cut=14, deg_S=18, deg_comp=2368.0

[DEBUG] Cluster 93: 1 nodes [160]
[DEBUG][φ] cut=2, deg_S=2, deg_comp=2384.0

[DEBUG] Cluster 94: 3 nodes [161, 165, 253]
[DEBUG][φ] cut=25, deg_S=31, deg_comp=2355.0

[DEBUG] Cluster 95: 1 nodes [164]
[DEBUG][φ] cut=11, deg_S=11, deg_comp=2375.0

[DEBUG] Cluster 96: 2 nodes [166, 235]
[DEBUG][φ] cut=1, deg_S=3, deg_comp=2383.0

[DEBUG] Cluster 97: 6 nodes [167, 178, 207, 265, 327, 331]
[DEBUG][φ] cut=46, deg_S=58, deg_comp=2328.0

[DEBUG] Cluster 98: 2 nodes [169, 208]
[DEBUG][φ] cut=16, deg_S=18, deg_comp=2368.0

[DEBUG] Cluster 99: 1 nodes [171]
[DEBUG][φ] cut=22, deg_S=22, deg_comp=2364.0

[DEBUG] Cluster 100: 2 nodes [172, 314]
[DEBUG][φ] cut=16, deg_S=18, deg_comp=2368.0

[DEBUG] Cluster 101: 1 nodes [175]
[DEBUG][φ] cut=1, deg_S=1, deg_comp=2385.0

[DEBUG] Cluster 102: 1 nodes [179]
[DEBUG][φ] cut=1, deg_S=1, deg_comp=2385.0

[DEBUG] Cluster 103: 1 nodes [180]
[DEBUG][φ] cut=3, deg_S=3, deg_comp=2383.0

[DEBUG] Cluster 104: 1 nodes [182]
[DEBUG][φ] cut=13, deg_S=13, deg_comp=2373.0

[DEBUG] Cluster 105: 1 nodes [186]
[DEBUG][φ] cut=1, deg_S=1, deg_comp=2385.0

[DEBUG] Cluster 106: 1 nodes [191]
[DEBUG][φ] cut=1, deg_S=1, deg_comp=2385.0

[DEBUG] Cluster 107: 2 nodes [192, 202]
[DEBUG][φ] cut=12, deg_S=14, deg_comp=2372.0

[DEBUG] Cluster 108: 1 nodes [194]
[DEBUG][φ] cut=1, deg_S=1, deg_comp=2385.0

[DEBUG] Cluster 109: 1 nodes [195]
[DEBUG][φ] cut=1, deg_S=1, deg_comp=2385.0

[DEBUG] Cluster 110: 1 nodes [197]
[DEBUG][φ] cut=1, deg_S=1, deg_comp=2385.0

[DEBUG] Cluster 111: 1 nodes [198]
[DEBUG][φ] cut=3, deg_S=3, deg_comp=2383.0

[DEBUG] Cluster 112: 1 nodes [201]
[DEBUG][φ] cut=2, deg_S=2, deg_comp=2384.0

[DEBUG] Cluster 113: 1 nodes [204]
[DEBUG][φ] cut=11, deg_S=11, deg_comp=2375.0

[DEBUG] Cluster 114: 1 nodes [209]
[DEBUG][φ] cut=1, deg_S=1, deg_comp=2385.0

[DEBUG] Cluster 115: 1 nodes [212]
[DEBUG][φ] cut=1, deg_S=1, deg_comp=2385.0

[DEBUG] Cluster 116: 1 nodes [217]
[DEBUG][φ] cut=1, deg_S=1, deg_comp=2385.0

[DEBUG] Cluster 117: 1 nodes [219]
[DEBUG][φ] cut=1, deg_S=1, deg_comp=2385.0

[DEBUG] Cluster 118: 2 nodes [220, 345]
[DEBUG][φ] cut=10, deg_S=12, deg_comp=2374.0

[DEBUG] Cluster 119: 3 nodes [226, 243, 244]
[DEBUG][φ] cut=30, deg_S=36, deg_comp=2350.0

[DEBUG] Cluster 120: 1 nodes [227]
[DEBUG][φ] cut=1, deg_S=1, deg_comp=2385.0

[DEBUG] Cluster 121: 1 nodes [229]
[DEBUG][φ] cut=1, deg_S=1, deg_comp=2385.0

[DEBUG] Cluster 122: 1 nodes [231]
[DEBUG][φ] cut=1, deg_S=1, deg_comp=2385.0

[DEBUG] Cluster 123: 1 nodes [232]
[DEBUG][φ] cut=1, deg_S=1, deg_comp=2385.0

[DEBUG] Cluster 124: 1 nodes [236]
[DEBUG][φ] cut=1, deg_S=1, deg_comp=2385.0

[DEBUG] Cluster 125: 1 nodes [238]
[DEBUG][φ] cut=1, deg_S=1, deg_comp=2385.0

[DEBUG] Cluster 126: 1 nodes [239]
[DEBUG][φ] cut=1, deg_S=1, deg_comp=2385.0

[DEBUG] Cluster 127: 1 nodes [240]
[DEBUG][φ] cut=1, deg_S=1, deg_comp=2385.0

[DEBUG] Cluster 128: 1 nodes [242]
[DEBUG][φ] cut=1, deg_S=1, deg_comp=2385.0

[DEBUG] Cluster 129: 1 nodes [247]
[DEBUG][φ] cut=1, deg_S=1, deg_comp=2385.0

[DEBUG] Cluster 130: 1 nodes [254]
[DEBUG][φ] cut=1, deg_S=1, deg_comp=2385.0

[DEBUG] Cluster 131: 1 nodes [256]
[DEBUG][φ] cut=1, deg_S=1, deg_comp=2385.0

[DEBUG] Cluster 132: 1 nodes [257]
[DEBUG][φ] cut=1, deg_S=1, deg_comp=2385.0

[DEBUG] Cluster 133: 1 nodes [258]
[DEBUG][φ] cut=1, deg_S=1, deg_comp=2385.0

[DEBUG] Cluster 134: 1 nodes [259]
[DEBUG][φ] cut=1, deg_S=1, deg_comp=2385.0

[DEBUG] Cluster 135: 1 nodes [261]
[DEBUG][φ] cut=1, deg_S=1, deg_comp=2385.0

[DEBUG] Cluster 136: 1 nodes [264]
[DEBUG][φ] cut=1, deg_S=1, deg_comp=2385.0

[DEBUG] Cluster 137: 1 nodes [266]
[DEBUG][φ] cut=1, deg_S=1, deg_comp=2385.0

[DEBUG] Cluster 138: 1 nodes [267]
[DEBUG][φ] cut=1, deg_S=1, deg_comp=2385.0

[DEBUG] Cluster 139: 1 nodes [269]
[DEBUG][φ] cut=1, deg_S=1, deg_comp=2385.0

[DEBUG] Cluster 140: 1 nodes [270]
[DEBUG][φ] cut=14, deg_S=14, deg_comp=2372.0

[DEBUG] Cluster 141: 1 nodes [272]
[DEBUG][φ] cut=1, deg_S=1, deg_comp=2385.0

[DEBUG] Cluster 142: 1 nodes [273]
[DEBUG][φ] cut=1, deg_S=1, deg_comp=2385.0

[DEBUG] Cluster 143: 1 nodes [275]
[DEBUG][φ] cut=1, deg_S=1, deg_comp=2385.0

[DEBUG] Cluster 144: 1 nodes [276]
[DEBUG][φ] cut=1, deg_S=1, deg_comp=2385.0

[DEBUG] Cluster 145: 1 nodes [277]
[DEBUG][φ] cut=1, deg_S=1, deg_comp=2385.0

[DEBUG] Cluster 146: 1 nodes [278]
[DEBUG][φ] cut=1, deg_S=1, deg_comp=2385.0

[DEBUG] Cluster 147: 1 nodes [279]
[DEBUG][φ] cut=1, deg_S=1, deg_comp=2385.0

[DEBUG] Cluster 148: 1 nodes [281]
[DEBUG][φ] cut=1, deg_S=1, deg_comp=2385.0

[DEBUG] Cluster 149: 1 nodes [282]
[DEBUG][φ] cut=1, deg_S=1, deg_comp=2385.0

[DEBUG] Cluster 150: 1 nodes [283]
[DEBUG][φ] cut=1, deg_S=1, deg_comp=2385.0

[DEBUG] Cluster 151: 1 nodes [284]
[DEBUG][φ] cut=1, deg_S=1, deg_comp=2385.0

[DEBUG] Cluster 152: 1 nodes [286]
[DEBUG][φ] cut=1, deg_S=1, deg_comp=2385.0

[DEBUG] Cluster 153: 1 nodes [287]
[DEBUG][φ] cut=1, deg_S=1, deg_comp=2385.0

[DEBUG] Cluster 154: 1 nodes [288]
[DEBUG][φ] cut=1, deg_S=1, deg_comp=2385.0

[DEBUG] Cluster 155: 1 nodes [289]
[DEBUG][φ] cut=1, deg_S=1, deg_comp=2385.0

[DEBUG] Cluster 156: 1 nodes [290]
[DEBUG][φ] cut=1, deg_S=1, deg_comp=2385.0

[DEBUG] Cluster 157: 1 nodes [291]
[DEBUG][φ] cut=1, deg_S=1, deg_comp=2385.0

[DEBUG] Cluster 158: 1 nodes [292]
[DEBUG][φ] cut=1, deg_S=1, deg_comp=2385.0

[DEBUG] Cluster 159: 1 nodes [293]
[DEBUG][φ] cut=1, deg_S=1, deg_comp=2385.0

[DEBUG] Cluster 160: 1 nodes [294]
[DEBUG][φ] cut=1, deg_S=1, deg_comp=2385.0

[DEBUG] Cluster 161: 1 nodes [295]
[DEBUG][φ] cut=2, deg_S=2, deg_comp=2384.0

[DEBUG] Cluster 162: 1 nodes [296]
[DEBUG][φ] cut=2, deg_S=2, deg_comp=2384.0

[DEBUG] Cluster 163: 1 nodes [297]
[DEBUG][φ] cut=3, deg_S=3, deg_comp=2383.0

[DEBUG] Cluster 164: 1 nodes [299]
[DEBUG][φ] cut=2, deg_S=2, deg_comp=2384.0

[DEBUG] Cluster 165: 1 nodes [300]
[DEBUG][φ] cut=1, deg_S=1, deg_comp=2385.0

[DEBUG] Cluster 166: 1 nodes [301]
[DEBUG][φ] cut=1, deg_S=1, deg_comp=2385.0

[DEBUG] Cluster 167: 2 nodes [303, 342]
[DEBUG][φ] cut=2, deg_S=4, deg_comp=2382.0

[DEBUG] Cluster 168: 1 nodes [304]
[DEBUG][φ] cut=2, deg_S=2, deg_comp=2384.0

[DEBUG] Cluster 169: 1 nodes [305]
[DEBUG][φ] cut=2, deg_S=2, deg_comp=2384.0

[DEBUG] Cluster 170: 1 nodes [306]
[DEBUG][φ] cut=1, deg_S=1, deg_comp=2385.0

[DEBUG] Cluster 171: 1 nodes [308]
[DEBUG][φ] cut=1, deg_S=1, deg_comp=2385.0

[DEBUG] Cluster 172: 1 nodes [310]
[DEBUG][φ] cut=1, deg_S=1, deg_comp=2385.0

[DEBUG] Cluster 173: 1 nodes [311]
[DEBUG][φ] cut=1, deg_S=1, deg_comp=2385.0

[DEBUG] Cluster 174: 1 nodes [312]
[DEBUG][φ] cut=1, deg_S=1, deg_comp=2385.0

[DEBUG] Cluster 175: 1 nodes [313]
[DEBUG][φ] cut=1, deg_S=1, deg_comp=2385.0

[DEBUG] Cluster 176: 1 nodes [318]
[DEBUG][φ] cut=1, deg_S=1, deg_comp=2385.0

[DEBUG] Cluster 177: 1 nodes [319]
[DEBUG][φ] cut=1, deg_S=1, deg_comp=2385.0

[DEBUG] Cluster 178: 1 nodes [321]
[DEBUG][φ] cut=1, deg_S=1, deg_comp=2385.0

[DEBUG] Cluster 179: 1 nodes [322]
[DEBUG][φ] cut=1, deg_S=1, deg_comp=2385.0

[DEBUG] Cluster 180: 1 nodes [323]
[DEBUG][φ] cut=3, deg_S=3, deg_comp=2383.0

[DEBUG] Cluster 181: 1 nodes [324]
[DEBUG][φ] cut=1, deg_S=1, deg_comp=2385.0

[DEBUG] Cluster 182: 1 nodes [325]
[DEBUG][φ] cut=1, deg_S=1, deg_comp=2385.0

[DEBUG] Cluster 183: 1 nodes [326]
[DEBUG][φ] cut=1, deg_S=1, deg_comp=2385.0

[DEBUG] Cluster 184: 1 nodes [328]
[DEBUG][φ] cut=1, deg_S=1, deg_comp=2385.0

[DEBUG] Cluster 185: 1 nodes [329]
[DEBUG][φ] cut=1, deg_S=1, deg_comp=2385.0

[DEBUG] Cluster 186: 1 nodes [330]
[DEBUG][φ] cut=1, deg_S=1, deg_comp=2385.0

[DEBUG] Cluster 187: 1 nodes [333]
[DEBUG][φ] cut=1, deg_S=1, deg_comp=2385.0

[DEBUG] Cluster 188: 1 nodes [334]
[DEBUG][φ] cut=1, deg_S=1, deg_comp=2385.0

[DEBUG] Cluster 189: 1 nodes [335]
[DEBUG][φ] cut=1, deg_S=1, deg_comp=2385.0

[DEBUG] Cluster 190: 1 nodes [336]
[DEBUG][φ] cut=1, deg_S=1, deg_comp=2385.0

[DEBUG] Cluster 191: 1 nodes [337]
[DEBUG][φ] cut=1, deg_S=1, deg_comp=2385.0

[DEBUG] Cluster 192: 1 nodes [338]
[DEBUG][φ] cut=1, deg_S=1, deg_comp=2385.0

[DEBUG] Cluster 193: 1 nodes [339]
[DEBUG][φ] cut=1, deg_S=1, deg_comp=2385.0

[DEBUG] Cluster 194: 1 nodes [340]
[DEBUG][φ] cut=1, deg_S=1, deg_comp=2385.0

[DEBUG] Cluster 195: 1 nodes [341]
[DEBUG][φ] cut=1, deg_S=1, deg_comp=2385.0

[DEBUG] Cluster 196: 1 nodes [343]
[DEBUG][φ] cut=1, deg_S=1, deg_comp=2385.0

[DEBUG] Cluster 197: 1 nodes [344]
[DEBUG][φ] cut=1, deg_S=1, deg_comp=2385.0

[DEBUG] Cluster 198: 1 nodes [346]
[DEBUG][φ] cut=1, deg_S=1, deg_comp=2385.0

[DEBUG] Cluster 199: 1 nodes [347]
[DEBUG][φ] cut=1, deg_S=1, deg_comp=2385.0

[DEBUG] Cluster 200: 1 nodes [348]
[DEBUG][φ] cut=1, deg_S=1, deg_comp=2385.0

[DEBUG] Cluster 201: 1 nodes [349]
[DEBUG][φ] cut=1, deg_S=1, deg_comp=2385.0

[DEBUG] Cluster 202: 1 nodes [350]
[DEBUG][φ] cut=1, deg_S=1, deg_comp=2385.0

[DEBUG] Cluster 203: 1 nodes [351]
[DEBUG][φ] cut=1, deg_S=1, deg_comp=2385.0

[DEBUG] Cluster 204: 1 nodes [352]
[DEBUG][φ] cut=1, deg_S=1, deg_comp=2385.0

[DEBUG] Cluster 205: 1 nodes [353]
[DEBUG][φ] cut=1, deg_S=1, deg_comp=2385.0

[DEBUG] Cluster 206: 1 nodes [354]
[DEBUG][φ] cut=1, deg_S=1, deg_comp=2385.0

[DEBUG] Cluster 207: 1 nodes [355]
[DEBUG][φ] cut=1, deg_S=1, deg_comp=2385.0

[DEBUG] Cluster 208: 1 nodes [356]
[DEBUG][φ] cut=1, deg_S=1, deg_comp=2385.0

[DEBUG] Cluster 209: 1 nodes [357]
[DEBUG][φ] cut=1, deg_S=1, deg_comp=2385.0

[DEBUG] Cluster 210: 1 nodes [358]
[DEBUG][φ] cut=1, deg_S=1, deg_comp=2385.0

[DEBUG] Cluster 211: 1 nodes [360]
[DEBUG][φ] cut=1, deg_S=1, deg_comp=2385.0

[DEBUG] Cluster 212: 1 nodes [361]
[DEBUG][φ] cut=1, deg_S=1, deg_comp=2385.0

[DEBUG] Cluster 213: 1 nodes [362]
[DEBUG][φ] cut=1, deg_S=1, deg_comp=2385.0

[DEBUG] Cluster 214: 1 nodes [363]
[DEBUG][φ] cut=2, deg_S=2, deg_comp=2384.0

[DEBUG] Cluster 215: 1 nodes [364]
[DEBUG][φ] cut=1, deg_S=1, deg_comp=2385.0

[DEBUG] Cluster 216: 1 nodes [365]
[DEBUG][φ] cut=2, deg_S=2, deg_comp=2384.0

[DEBUG] Cluster 217: 1 nodes [366]
[DEBUG][φ] cut=1, deg_S=1, deg_comp=2385.0

[DEBUG] Cluster 218: 1 nodes [367]
[DEBUG][φ] cut=2, deg_S=2, deg_comp=2384.0

[DEBUG] Cluster 219: 1 nodes [368]
[DEBUG][φ] cut=1, deg_S=1, deg_comp=2385.0

[DEBUG] Cluster 220: 1 nodes [369]
[DEBUG][φ] cut=1, deg_S=1, deg_comp=2385.0

[DEBUG] Cluster 221: 1 nodes [370]
[DEBUG][φ] cut=1, deg_S=1, deg_comp=2385.0

[DEBUG] Cluster 222: 1 nodes [371]
[DEBUG][φ] cut=1, deg_S=1, deg_comp=2385.0

[DEBUG] Cluster 223: 1 nodes [372]
[DEBUG][φ] cut=1, deg_S=1, deg_comp=2385.0

[DEBUG] Cluster 224: 1 nodes [373]
[DEBUG][φ] cut=1, deg_S=1, deg_comp=2385.0

[DEBUG] Cluster 225: 1 nodes [374]
[DEBUG][φ] cut=1, deg_S=1, deg_comp=2385.0

[DEBUG] Cluster 226: 1 nodes [375]
[DEBUG][φ] cut=1, deg_S=1, deg_comp=2385.0

[DEBUG] Cluster 227: 1 nodes [376]
[DEBUG][φ] cut=1, deg_S=1, deg_comp=2385.0

[DEBUG] Cluster 228: 1 nodes [377]
[DEBUG][φ] cut=1, deg_S=1, deg_comp=2385.0

[DEBUG] Cluster 229: 1 nodes [378]
[DEBUG][φ] cut=1, deg_S=1, deg_comp=2385.0

[DEBUG] Cluster 230: 1 nodes [379]
[DEBUG][φ] cut=1, deg_S=1, deg_comp=2385.0

[DEBUG] Cluster 231: 1 nodes [380]
[DEBUG][φ] cut=1, deg_S=1, deg_comp=2385.0

[DEBUG] Cluster 232: 1 nodes [381]
[DEBUG][φ] cut=1, deg_S=1, deg_comp=2385.0

[DEBUG] Cluster 233: 1 nodes [382]
[DEBUG][φ] cut=1, deg_S=1, deg_comp=2385.0

[DEBUG] Cluster 234: 1 nodes [383]
[DEBUG][φ] cut=1, deg_S=1, deg_comp=2385.0

[DEBUG] Cluster 235: 1 nodes [384]
[DEBUG][φ] cut=1, deg_S=1, deg_comp=2385.0

[DEBUG] Cluster 236: 1 nodes [385]
[DEBUG][φ] cut=1, deg_S=1, deg_comp=2385.0

[DEBUG] Cluster 237: 1 nodes [386]
[DEBUG][φ] cut=1, deg_S=1, deg_comp=2385.0/home/mohammad/anaconda3/envs/graphzoom-tf1/lib/python3.7/site-packages/sklearn/linear_model/least_angle.py:30: DeprecationWarning: `np.float` is a deprecated alias for the builtin `float`. To silence this warning, use `float` by itself. Doing this will not modify any behavior and is safe. If you specifically wanted the numpy scalar type, use `np.float64` here.
Deprecated in NumPy 1.20; for more details and guidance: https://numpy.org/devdocs/release/1.20.0-notes.html#deprecations
  method='lar', copy_X=True, eps=np.finfo(np.float).eps,
/home/mohammad/anaconda3/envs/graphzoom-tf1/lib/python3.7/site-packages/sklearn/linear_model/least_angle.py:167: DeprecationWarning: `np.float` is a deprecated alias for the builtin `float`. To silence this warning, use `float` by itself. Doing this will not modify any behavior and is safe. If you specifically wanted the numpy scalar type, use `np.float64` here.
Deprecated in NumPy 1.20; for more details and guidance: https://numpy.org/devdocs/release/1.20.0-notes.html#deprecations
  method='lar', copy_X=True, eps=np.finfo(np.float).eps,
/home/mohammad/anaconda3/envs/graphzoom-tf1/lib/python3.7/site-packages/sklearn/linear_model/least_angle.py:284: DeprecationWarning: `np.float` is a deprecated alias for the builtin `float`. To silence this warning, use `float` by itself. Doing this will not modify any behavior and is safe. If you specifically wanted the numpy scalar type, use `np.float64` here.
Deprecated in NumPy 1.20; for more details and guidance: https://numpy.org/devdocs/release/1.20.0-notes.html#deprecations
  eps=np.finfo(np.float).eps, copy_Gram=True, verbose=0,
/home/mohammad/anaconda3/envs/graphzoom-tf1/lib/python3.7/site-packages/sklearn/linear_model/least_angle.py:862: DeprecationWarning: `np.float` is a deprecated alias for the builtin `float`. To silence this warning, use `float` by itself. Doing this will not modify any behavior and is safe. If you specifically wanted the numpy scalar type, use `np.float64` here.
Deprecated in NumPy 1.20; for more details and guidance: https://numpy.org/devdocs/release/1.20.0-notes.html#deprecations
  eps=np.finfo(np.float).eps, copy_X=True, fit_path=True,
/home/mohammad/anaconda3/envs/graphzoom-tf1/lib/python3.7/site-packages/sklearn/linear_model/least_angle.py:1101: DeprecationWarning: `np.float` is a deprecated alias for the builtin `float`. To silence this warning, use `float` by itself. Doing this will not modify any behavior and is safe. If you specifically wanted the numpy scalar type, use `np.float64` here.
Deprecated in NumPy 1.20; for more details and guidance: https://numpy.org/devdocs/release/1.20.0-notes.html#deprecations
  eps=np.finfo(np.float).eps, copy_X=True, fit_path=True,
/home/mohammad/anaconda3/envs/graphzoom-tf1/lib/python3.7/site-packages/sklearn/linear_model/least_angle.py:1127: DeprecationWarning: `np.float` is a deprecated alias for the builtin `float`. To silence this warning, use `float` by itself. Doing this will not modify any behavior and is safe. If you specifically wanted the numpy scalar type, use `np.float64` here.
Deprecated in NumPy 1.20; for more details and guidance: https://numpy.org/devdocs/release/1.20.0-notes.html#deprecations
  eps=np.finfo(np.float).eps, positive=False):
/home/mohammad/anaconda3/envs/graphzoom-tf1/lib/python3.7/site-packages/sklearn/linear_model/least_angle.py:1362: DeprecationWarning: `np.float` is a deprecated alias for the builtin `float`. To silence this warning, use `float` by itself. Doing this will not modify any behavior and is safe. If you specifically wanted the numpy scalar type, use `np.float64` here.
Deprecated in NumPy 1.20; for more details and guidance: https://numpy.org/devdocs/release/1.20.0-notes.html#deprecations
  max_n_alphas=1000, n_jobs=None, eps=np.finfo(np.float).eps,
/home/mohammad/anaconda3/envs/graphzoom-tf1/lib/python3.7/site-packages/sklearn/linear_model/least_angle.py:1602: DeprecationWarning: `np.float` is a deprecated alias for the builtin `float`. To silence this warning, use `float` by itself. Doing this will not modify any behavior and is safe. If you specifically wanted the numpy scalar type, use `np.float64` here.
Deprecated in NumPy 1.20; for more details and guidance: https://numpy.org/devdocs/release/1.20.0-notes.html#deprecations
  max_n_alphas=1000, n_jobs=None, eps=np.finfo(np.float).eps,
/home/mohammad/anaconda3/envs/graphzoom-tf1/lib/python3.7/site-packages/sklearn/linear_model/least_angle.py:1738: DeprecationWarning: `np.float` is a deprecated alias for the builtin `float`. To silence this warning, use `float` by itself. Doing this will not modify any behavior and is safe. If you specifically wanted the numpy scalar type, use `np.float64` here.
Deprecated in NumPy 1.20; for more details and guidance: https://numpy.org/devdocs/release/1.20.0-notes.html#deprecations
  eps=np.finfo(np.float).eps, copy_X=True, positive=False):
/home/mohammad/anaconda3/envs/graphzoom-tf1/lib/python3.7/site-packages/sklearn/metrics/pairwise.py:56: DeprecationWarning: `np.float` is a deprecated alias for the builtin `float`. To silence this warning, use `float` by itself. Doing this will not modify any behavior and is safe. If you specifically wanted the numpy scalar type, use `np.float64` here.
Deprecated in NumPy 1.20; for more details and guidance: https://numpy.org/devdocs/release/1.20.0-notes.html#deprecations
  dtype = np.float
/home/mohammad/anaconda3/envs/graphzoom-tf1/lib/python3.7/site-packages/sklearn/metrics/pairwise.py:56: DeprecationWarning: `np.float` is a deprecated alias for the builtin `float`. To silence this warning, use `float` by itself. Doing this will not modify any behavior and is safe. If you specifically wanted the numpy scalar type, use `np.float64` here.
Deprecated in NumPy 1.20; for more details and guidance: https://numpy.org/devdocs/release/1.20.0-notes.html#deprecations
  dtype = np.float
/home/mohammad/anaconda3/envs/graphzoom-tf1/lib/python3.7/site-packages/sklearn/metrics/pairwise.py:56: DeprecationWarning: `np.float` is a deprecated alias for the builtin `float`. To silence this warning, use `float` by itself. Doing this will not modify any behavior and is safe. If you specifically wanted the numpy scalar type, use `np.float64` here.
Deprecated in NumPy 1.20; for more details and guidance: https://numpy.org/devdocs/release/1.20.0-notes.html#deprecations
  dtype = np.float
WARNING:tensorflow:From /home/mohammad/GraphZoom/graphzoom/embed_methods/graphsage/graphsage.py:49: The name tf.set_random_seed is deprecated. Please use tf.compat.v1.set_random_seed instead.



[DEBUG] Cluster 238: 1 nodes [387]
[DEBUG][φ] cut=1, deg_S=1, deg_comp=2385.0

[DEBUG] Cluster 239: 1 nodes [388]
[DEBUG][φ] cut=1, deg_S=1, deg_comp=2385.0

[DEBUG] Cluster 240: 1 nodes [389]
[DEBUG][φ] cut=1, deg_S=1, deg_comp=2385.0

[DEBUG] Cluster 241: 1 nodes [390]
[DEBUG][φ] cut=1, deg_S=1, deg_comp=2385.0

[DEBUG] Cluster 242: 1 nodes [391]
[DEBUG][φ] cut=1, deg_S=1, deg_comp=2385.0

[DEBUG] Cluster 243: 1 nodes [392]
[DEBUG][φ] cut=1, deg_S=1, deg_comp=2385.0

[DEBUG] Cluster 244: 1 nodes [393]
[DEBUG][φ] cut=1, deg_S=1, deg_comp=2385.0

[DEBUG] Cluster 245: 1 nodes [394]
[DEBUG][φ] cut=1, deg_S=1, deg_comp=2385.0

[DEBUG] Cluster 246: 1 nodes [395]
[DEBUG][φ] cut=1, deg_S=1, deg_comp=2385.0

[DEBUG] Cluster 247: 1 nodes [396]
[DEBUG][φ] cut=1, deg_S=1, deg_comp=2385.0

[DEBUG] Cluster 248: 1 nodes [397]
[DEBUG][φ] cut=1, deg_S=1, deg_comp=2385.0

[DEBUG] Cluster 249: 1 nodes [398]
[DEBUG][φ] cut=1, deg_S=1, deg_comp=2385.0

[DEBUG] Cluster 250: 1 nodes [399]
[DEBUG][φ] cut=1, deg_S=1, deg_comp=2385.0

[DEBUG] Cluster 251: 1 nodes [400]
[DEBUG][φ] cut=1, deg_S=1, deg_comp=2385.0

[DEBUG] Cluster 252: 1 nodes [401]
[DEBUG][φ] cut=1, deg_S=1, deg_comp=2385.0

[DEBUG] Cluster 253: 1 nodes [402]
[DEBUG][φ] cut=2, deg_S=2, deg_comp=2384.0
[DEBUG] Average unweighted conductance - Standard: 0.9347
[TIMING] conductance_evaluation: 0.020s
CMG filtered clustering pipeline complete
[CMG] Found 254 clusters, λ_critical ≈ 0.3333
[CMG] Coarsened to 254 nodes, 732 edges
[CMG] Final graph: 254 nodes, 732 edges
[CMG] Total coarsening time: 0.361s
%%%%%% Starting Graph Embedding %%%%%%
Loading training data..
Removed 0 nodes that lacked proper annotations due to networkx versioning issues
Loaded data.. now preprocessing..
Whether consider weighted graph?????? True
The 0-th walk
The 1-th walk
The 2-th walk
The 3-th walk
The 4-th walk
The 5-th walk
The 6-th walk
The 7-th walk
The 8-th walk
The 9-th walk
The 10-th walk
The 11-th walk
The 12-th walk
The 13-th walk
The 14-th walk
The 15-th walk
The 16-th walk
The 17-th walk
The 18-th walk
The 19-th walk
The 20-th walk
The 21-th walk
The 22-th walk
The 23-th walk
The 24-th walk
The 25-th walk
The 26-th walk
The 27-th walk
The 28-th walk
The 29-th walk
The 30-th walk
The 31-th walk
The 32-th walk
The 33-th walk
The 34-th walk
The 35-th walk
The 36-th walk
The 37-th walk
The 38-th walk
The 39-th walk
The 40-th walk
The 41-th walk
The 42-th walk
The 43-th walk
The 44-th walk
The 45-th walk
The 46-th walk
The 47-th walk
The 48-th walk
The 49-th walk
The 0-th walk
The 1-th walk
The 2-th walk
The 3-th walk
The 4-th walk
The 5-th walk
The 6-th walk
The 7-th walk
The 8-th walk
The 9-th walk
The 10-th walk
The 11-th walk
The 12-th walk
The 13-th walk
The 14-th walk
The 15-th walk
The 16-th walk
The 17-th walk
The 18-th walk
The 19-th walk
The 20-th walk
The 21-th walk
The 22-th walk
The 23-th walk
The 24-th walk
The 25-th walk
The 26-th walk
The 27-th walk
The 28-th walk
The 29-th walk
The 30-th walk
The 31-th walk
The 32-th walk
The 33-th walk
The 34-th walk
The 35-th walk
The 36-th walk
The 37-th walk
The 38-th walk
The 39-th walk
The 40-th walk
The 41-th walk
The 42-th walk
The 43-th walk
The 44-th walk
The 45-th walk
The 46-th walk
The 47-th walk
The 48-th walk
The 49-th walk
The 0-th walk
The 1-th walk
The 2-th walk
The 3-th walk
The 4-th walk
The 5-th walk
The 6-th walk
The 7-th walk
The 8-th walk
The 9-th walk
The 10-th walk
The 11-th walk
The 12-th walk
The 13-th walk
The 14-th walk
The 15-th walk
The 16-th walk
The 17-th walk
The 18-th walk
The 19-th walk
The 20-th walk
The 21-th walk
The 22-th walk
The 23-th walk
The 24-th walk
The 25-th walk
The 26-th walk
The 27-th walk
The 28-th walk
The 29-th walk
The 30-th walk
The 31-th walk
The 32-th walk
The 33-th walk
The 34-th walk
The 35-th walk
The 36-th walk
The 37-th walk
The 38-th walk
The 39-th walk
The 40-th walk
The 41-th walk
The 42-th walk
The 43-th walk
The 44-th walk
The 45-th walk
The 46-th walk
The 47-th walk
The 48-th walk
The 49-th walk
The 0-th walk
The 1-th walk
The 2-th walk
The 3-th walk
The 4-th walk
The 5-th walk
The 6-th walk
The 7-th walk
The 8-th walk
The 9-th walk
The 10-th walk
The 11-th walk
The 12-th walk
The 13-th walk
The 14-th walk
The 15-th walk
The 16-th walk
The 17-th walk
The 18-th walk
The 19-th walk
The 20-th walk
The 21-th walk
The 22-th walk
The 23-th walk
The 24-th walk
The 25-th walk
The 26-th walk
The 27-th walk
The 28-th walk
The 29-th walk
The 30-th walk
The 31-th walk
The 32-th walk
The 33-th walk
The 34-th walk
The 35-th walk
The 36-th walk
The 37-th walk
The 38-th walk
The 39-th walk
The 40-th walk
The 41-th walk
The 42-th walk
The 43-th walk
The 44-th walk
The 45-th walk
The 46-th walk
The 47-th walk
The 48-th walk
The 49-th walk
The 0-th walk
The 1-th walk
The 2-th walk
The 3-th walk
The 4-th walk
The 5-th walk
The 6-th walk
The 7-th walk
The 8-th walk
The 9-th walk
The 10-th walk
The 11-th walk
The 12-th walk
The 13-th walk
The 14-th walk
The 15-th walk
The 16-th walk
The 17-th walk
The 18-th walk
The 19-th walk
The 20-th walk
The 21-th walk
The 22-th walk
The 23-th walk
The 24-th walk
The 25-th walk
The 26-th walk
The 27-th walk
The 28-th walk
The 29-th walk
The 30-th walk
The 31-th walk
The 32-th walk
The 33-th walk
The 34-th walk
The 35-th walk
The 36-th walk
The 37-th walk
The 38-th walk
The 39-th walk
The 40-th walk
The 41-th walk
The 42-th walk
The 43-th walk
The 44-th walk
The 45-th walk
The 46-th walk
The 47-th walk
The 48-th walk
The 49-th walk
The 0-th walk
The 1-th walk
The 2-th walk
The 3-th walk
The 4-th walk
The 5-th walk
The 6-th walk
The 7-th walk
The 8-th walk
The 9-th walk
The 10-th walk
The 11-th walk
The 12-th walk
The 13-th walk
The 14-th walk
The 15-th walk
The 16-th walk
The 17-th walk
The 18-th walk
The 19-th walk
The 20-th walk
The 21-th walk
The 22-th walk
The 23-th walk
The 24-th walk
The 25-th walk
The 26-th walk
The 27-th walk
The 28-th walk
The 29-th walk
The 30-th walk
The 31-th walk
The 32-th walk
The 33-th walk
The 34-th walk
The 35-th walk
The 36-th walk
The 37-th walk
The 38-th walk
The 39-th walk
The 40-th walk
The 41-th walk
The 42-th walk
The 43-th walk
The 44-th walk
The 45-th walk
The 46-th walk
The 47-th walk
The 48-th walk
The 49-th walk
The 0-th walk
The 1-th walk
The 2-th walk
The 3-th walk
The 4-th walk
The 5-th walk
The 6-th walk
The 7-th walk
The 8-th walk
The 9-th walk
The 10-th walk
The 11-th walk
The 12-th walk
The 13-th walk
The 14-th walk
The 15-th walk
The 16-th walk
The 17-th walk
The 18-th walk
The 19-th walk
The 20-th walk
The 21-th walk
The 22-th walk
The 23-th walk
The 24-th walk
The 25-th walk
The 26-th walk
The 27-th walk
The 28-th walk
The 29-th walk
The 30-th walk
The 31-th walk
The 32-th walk
The 33-th walk
The 34-th walk
The 35-th walk
The 36-th walk
The 37-th walk
The 38-th walk
The 39-th walk
The 40-th walk
The 41-th walk
The 42-th walk
The 43-th walk
The 44-th walk
The 45-th walk
The 46-th walk
The 47-th walk
The 48-th walk
The 49-th walk
The 0-th walk
The 1-th walk
The 2-th walk
The 3-th walk
The 4-th walk
The 5-th walk
The 6-th walk
The 7-th walk
The 8-th walk
The 9-th walk
The 10-th walk
The 11-th walk
The 12-th walk
The 13-th walk
The 14-th walk
The 15-th walk
The 16-th walk
The 17-th walk
The 18-th walk
The 19-th walk
The 20-th walk
The 21-th walk
The 22-th walk
The 23-th walk
The 24-th walk
The 25-th walk
The 26-th walk
The 27-th walk
The 28-th walk
The 29-th walk
The 30-th walk
The 31-th walk
The 32-th walk
The 33-th walk
The 34-th walk
The 35-th walk
The 36-th walk
The 37-th walk
The 38-th walk
The 39-th walk
The 40-th walk
The 41-th walk
The 42-th walk
The 43-th walk
The 44-th walk
The 45-th walk
The 46-th walk
The 47-th walk
The 48-th walk
The 49-th walk
The 0-th walk
The 1-th walk
The 2-th walk
The 3-th walk
The 4-th walk
The 5-th walk
The 6-th walk
The 7-th walk
The 8-th walk
The 9-th walk
The 10-th walk
The 11-th walk
The 12-th walk
The 13-th walk
The 14-th walk
The 15-th walk
The 16-th walk
The 17-th walk
The 18-th walk
The 19-th walk
The 20-th walk
The 21-th walk
The 22-th walk
The 23-th walk
The 24-th walk
The 25-th walk
The 26-th walk
The 27-th walk
The 28-th walk
The 29-th walk
The 30-th walk
The 31-th walk
The 32-th walk
The 33-th walk
The 34-th walk
The 35-th walk
The 36-th walk
The 37-th walk
The 38-th walk
The 39-th walk
The 40-th walk
The 41-th walk
The 42-th walk
The 43-th walk
The 44-th walk
The 45-th walk
The 46-th walk
The 47-th walk
The 48-th walk
The 49-th walk
The 0-th walk
The 1-th walk
The 2-th walk
The 3-th walk
The 4-th walk
The 5-th walk
The 6-th walk
The 7-th walk
The 8-th walk
The 9-th walk
The 10-th walk
The 11-th walk
The 12-th walk
The 13-th walk
The 14-th walk
The 15-th walk
The 16-th walk
The 17-th walk
The 18-th walk
The 19-th walk
The 20-th walk
The 21-th walk
The 22-th walk
The 23-th walk
The 24-th walk
The 25-th walk
The 26-th walk
The 27-th walk
The 28-th walk
The 29-th walk
The 30-th walk
The 31-th walk
The 32-th walk
The 33-th walk
The 34-th walk
The 35-th walk
The 36-th walk
The 37-th walk
The 38-th walk
The 39-th walk
The 40-th walk
The 41-th walk
The 42-th walk
The 43-th walk
The 44-th walk
The 45-th walk
The 46-th walk
The 47-th walk
The 48-th walk
The 49-th walk
The 0-th walk
The 1-th walk
The 2-th walk
The 3-th walk
The 4-th walk
The 5-th walk
The 6-th walk
The 7-th walk
The 8-th walk
The 9-th walk
The 10-th walk
The 11-th walk
The 12-th walk
The 13-th walk
The 14-th walk
The 15-th walk
The 16-th walk
The 17-th walk
The 18-th walk
The 19-th walk
The 20-th walk
The 21-th walk
The 22-th walk
The 23-th walk
The 24-th walk
The 25-th walk
The 26-th walk
The 27-th walk
The 28-th walk
The 29-th walk
The 30-th walk
The 31-th walk
The 32-th walk
The 33-th walk
The 34-th walk
The 35-th walk
The 36-th walk
The 37-th walk
The 38-th walk
The 39-th walk
The 40-th walk
The 41-th walk
The 42-th walk
The 43-th walk
The 44-th walk
The 45-th walk
The 46-th walk
The 47-th walk
The 48-th walk
The 49-th walk
The 0-th walk
The 1-th walk
The 2-th walk
The 3-th walk
The 4-th walk
The 5-th walk
The 6-th walk
The 7-th walk
The 8-th walk
The 9-th walk
The 10-th walk
The 11-th walk
The 12-th walk
The 13-th walk
The 14-th walk
The 15-th walk
The 16-th walk
The 17-th walk
The 18-th walk
The 19-th walk
The 20-th walk
The 21-th walk
The 22-th walk
The 23-th walk
The 24-th walk
The 25-th walk
The 26-th walk
The 27-th walk
The 28-th walk
The 29-th walk
The 30-th walk
The 31-th walk
The 32-th walk
The 33-th walk
The 34-th walk
The 35-th walk
The 36-th walk
The 37-th walk
The 38-th walk
The 39-th walk
The 40-th walk
The 41-th walk
The 42-th walk
The 43-th walk
The 44-th walk
The 45-th walk
The 46-th walk
The 47-th walk
The 48-th walk
The 49-th walk
The 0-th walk
The 1-th walk
The 2-th walk
The 3-th walk
The 4-th walk
The 5-th walk
The 6-th walk
The 7-th walk
The 8-th walk
The 9-th walk
The 10-th walk
The 11-th walk
The 12-th walk
The 13-th walk
The 14-th walk
The 15-th walk
The 16-th walk
The 17-th walk
The 18-th walk
The 19-th walk
The 20-th walk
The 21-th walk
The 22-th walk
The 23-th walk
The 24-th walk
The 25-th walk
The 26-th walk
The 27-th walk
The 28-th walk
The 29-th walk
The 30-th walk
The 31-th walk
The 32-th walk
The 33-th walk
The 34-th walk
The 35-th walk
The 36-th walk
The 37-th walk
The 38-th walk
The 39-th walk
The 40-th walk
The 41-th walk
The 42-th walk
The 43-th walk
The 44-th walk
The 45-th walk
The 46-th walk
The 47-th walk
The 48-th walk
The 49-th walk
The 0-th walk
The 1-th walk
The 2-th walk
The 3-th walk
The 4-th walk
The 5-th walk
The 6-th walk
The 7-th walk
The 8-th walk
The 9-th walk
The 10-th walk
The 11-th walk
The 12-th walk
The 13-th walk
The 14-th walk
The 15-th walk
The 16-th walk
The 17-th walk
The 18-th walk
The 19-th walk
The 20-th walk
The 21-th walk
The 22-th walk
The 23-th walk
The 24-th walk
The 25-th walk
The 26-th walk
The 27-th walk
The 28-th walk
The 29-th walk
The 30-th walk
The 31-th walk
The 32-th walk
The 33-th walk
The 34-th walk
The 35-th walk
The 36-th walk
The 37-th walk
The 38-th walk
The 39-th walk
The 40-th walk
The 41-th walk
The 42-th walk
The 43-th walk
The 44-th walk
The 45-th walk
The 46-th walk
The 47-th walk
The 48-th walk
The 49-th walk
The 0-th walk
The 1-th walk
The 2-th walk
The 3-th walk
The 4-th walk
The 5-th walk
The 6-th walk
The 7-th walk
The 8-th walk
The 9-th walk
The 10-th walk
The 11-th walk
The 12-th walk
The 13-th walk
The 14-th walk
The 15-th walk
The 16-th walk
The 17-th walk
The 18-th walk
The 19-th walk
The 20-th walk
The 21-th walk
The 22-th walk
The 23-th walk
The 24-th walk
The 25-th walk
The 26-th walk
The 27-th walk
The 28-th walk
The 29-th walk
The 30-th walk
The 31-th walk
The 32-th walk
The 33-th walk
The 34-th walk
The 35-th walk
The 36-th walk
The 37-th walk
The 38-th walk
The 39-th walk
The 40-th walk
The 41-th walk
The 42-th walk
The 43-th walk
The 44-th walk
The 45-th walk
The 46-th walk
The 47-th walk
The 48-th walk
The 49-th walk
The 0-th walk
The 1-th walk
The 2-th walk
The 3-th walk
The 4-th walk
The 5-th walk
The 6-th walk
The 7-th walk
The 8-th walk
The 9-th walk
The 10-th walk
The 11-th walk
The 12-th walk
The 13-th walk
The 14-th walk
The 15-th walk
The 16-th walk
The 17-th walk
The 18-th walk
The 19-th walk
The 20-th walk
The 21-th walk
The 22-th walk
The 23-th walk
The 24-th walk
The 25-th walk
The 26-th walk
The 27-th walk
The 28-th walk
The 29-th walk
The 30-th walk
The 31-th walk
The 32-th walk
The 33-th walk
The 34-th walk
The 35-th walk
The 36-th walk
The 37-th walk
The 38-th walk
The 39-th walk
The 40-th walk
The 41-th walk
The 42-th walk
The 43-th walk
The 44-th walk
The 45-th walk
The 46-th walk
The 47-th walk
The 48-th walk
The 49-th walk
The 0-th walk
The 1-th walk
The 2-th walk
The 3-th walk
The 4-th walk
The 5-th walk
The 6-th walk
The 7-th walk
The 8-th walk
The 9-th walk
The 10-th walk
The 11-th walk
The 12-th walk
The 13-th walk
The 14-th walk
The 15-th walk
The 16-th walk
The 17-th walk
The 18-th walk
The 19-th walk
The 20-th walk
The 21-th walk
The 22-th walk
The 23-th walk
The 24-th walk
The 25-th walk
The 26-th walk
The 27-th walk
The 28-th walk
The 29-th walk
The 30-th walk
The 31-th walk
The 32-th walk
The 33-th walk
The 34-th walk
The 35-th walk
The 36-th walk
The 37-th walk
The 38-th walk
The 39-th walk
The 40-th walk
The 41-th walk
The 42-th walk
The 43-th walk
The 44-th walk
The 45-th walk
The 46-th walk
The 47-th walk
The 48-th walk
The 49-th walk
The 0-th walk
The 1-th walk
The 2-th walk
The 3-th walk
The 4-th walk
The 5-th walk
The 6-th walk
The 7-th walk
The 8-th walk
The 9-th walk
The 10-th walk
The 11-th walk
The 12-th walk
The 13-th walk
The 14-th walk
The 15-th walk
The 16-th walk
The 17-th walk
The 18-th walk
The 19-th walk
The 20-th walk
The 21-th walk
The 22-th walk
The 23-th walk
The 24-th walk
The 25-th walk
The 26-th walk
The 27-th walk
The 28-th walk
The 29-th walk
The 30-th walk
The 31-th walk
The 32-th walk
The 33-th walk
The 34-th walk
The 35-th walk
The 36-th walk
The 37-th walk
The 38-th walk
The 39-th walk
The 40-th walk
The 41-th walk
The 42-th walk
The 43-th walk
The 44-th walk
The 45-th walk
The 46-th walk
The 47-th walk
The 48-th walk
The 49-th walk
The 0-th walk
The 1-th walk
The 2-th walk
The 3-th walk
The 4-th walk
The 5-th walk
The 6-th walk
The 7-th walk
The 8-th walk
The 9-th walk
The 10-th walk
The 11-th walk
The 12-th walk
The 13-th walk
The 14-th walk
The 15-th walk
The 16-th walk
The 17-th walk
The 18-th walk
The 19-th walk
The 20-th walk
The 21-th walk
The 22-th walk
The 23-th walk
The 24-th walk
The 25-th walk
The 26-th walk
The 27-th walk
The 28-th walk
The 29-th walk
The 30-th walk
The 31-th walk
The 32-th walk
The 33-th walk
The 34-th walk
The 35-th walk
The 36-th walk
The 37-th walk
The 38-th walk
The 39-th walk
The 40-th walk
The 41-th walk
The 42-th walk
The 43-th walk
The 44-th walk
The 45-th walk
The 46-th walk
The 47-th walk
The 48-th walk
The 49-th walk
The 0-th walk
The 1-th walk
The 2-th walk
The 3-th walk
The 4-th walk
The 5-th walk
The 6-th walk
The 7-th walk
The 8-th walk
The 9-th walk
The 10-th walk
The 11-th walk
The 12-th walk
The 13-th walk
The 14-th walk
The 15-th walk
The 16-th walk
The 17-th walk
The 18-th walk
The 19-th walk
The 20-th walk
The 21-th walk
The 22-th walk
The 23-th walk
The 24-th walk
The 25-th walk
The 26-th walk
The 27-th walk
The 28-th walk
The 29-th walk
The 30-th walk
The 31-th walk
The 32-th walk
The 33-th walk
The 34-th walk
The 35-th walk
The 36-th walk
The 37-th walk
The 38-th walk
The 39-th walk
The 40-th walk
The 41-th walk
The 42-th walk
The 43-th walk
The 44-th walk
The 45-th walk
The 46-th walk
The 47-th walk
The 48-th walk
The 49-th walk
WARNING:tensorflow:From /home/mohammad/GraphZoom/graphzoom/embed_methods/graphsage/graphsage.py:104: The name tf.placeholder is deprecated. Please use tf.compat.v1.placeholder instead.

WARNING:tensorflow:From /home/mohammad/GraphZoom/graphzoom/embed_methods/graphsage/graphsage.py:109: The name tf.placeholder_with_default is deprecated. Please use tf.compat.v1.placeholder_with_default instead.

WARNING:tensorflow:From /home/mohammad/GraphZoom/graphzoom/embed_methods/graphsage/models.py:253: The name tf.train.AdamOptimizer is deprecated. Please use tf.compat.v1.train.AdamOptimizer instead.

WARNING:tensorflow:From /home/mohammad/GraphZoom/graphzoom/embed_methods/graphsage/neigh_samplers.py:27: The name tf.random_shuffle is deprecated. Please use tf.random.shuffle instead.

WARNING:tensorflow:From /home/mohammad/GraphZoom/graphzoom/embed_methods/graphsage/aggregators.py:29: The name tf.variable_scope is deprecated. Please use tf.compat.v1.variable_scope instead.

WARNING:tensorflow:From /home/mohammad/GraphZoom/graphzoom/embed_methods/graphsage/inits.py:13: The name tf.random_uniform is deprecated. Please use tf.random.uniform instead.

WARNING:tensorflow:From /home/mohammad/GraphZoom/graphzoom/embed_methods/graphsage/aggregators.py:46: calling dropout (from tensorflow.python.ops.nn_ops) with keep_prob is deprecated and will be removed in a future version.
Instructions for updating:
Please use `rate` instead of `keep_prob`. Rate should be set to `rate = 1 - keep_prob`.
WARNING:tensorflow:From /home/mohammad/anaconda3/envs/graphzoom-tf1/lib/python3.7/site-packages/tensorflow_core/python/ops/nn_impl.py:183: where (from tensorflow.python.ops.array_ops) is deprecated and will be removed in a future version.
Instructions for updating:
Use tf.where in 2.0, which has the same broadcast rule as np.where
WARNING:tensorflow:From /home/mohammad/GraphZoom/graphzoom/embed_methods/graphsage/models.py:394: The name tf.summary.scalar is deprecated. Please use tf.compat.v1.summary.scalar instead.

WARNING:tensorflow:From /home/mohammad/GraphZoom/graphzoom/embed_methods/graphsage/models.py:407: div (from tensorflow.python.ops.math_ops) is deprecated and will be removed in a future version.
Instructions for updating:
Deprecated in favor of operator or tf.math.divide.
WARNING:tensorflow:From /home/mohammad/GraphZoom/graphzoom/embed_methods/graphsage/graphsage.py:210: The name tf.ConfigProto is deprecated. Please use tf.compat.v1.ConfigProto instead.

WARNING:tensorflow:From /home/mohammad/GraphZoom/graphzoom/embed_methods/graphsage/graphsage.py:216: The name tf.Session is deprecated. Please use tf.compat.v1.Session instead.

WARNING:tensorflow:From /home/mohammad/GraphZoom/graphzoom/embed_methods/graphsage/graphsage.py:217: The name tf.summary.merge_all is deprecated. Please use tf.compat.v1.summary.merge_all instead.

WARNING:tensorflow:From /home/mohammad/GraphZoom/graphzoom/embed_methods/graphsage/graphsage.py:220: The name tf.global_variables_initializer is deprecated. Please use tf.compat.v1.global_variables_initializer instead.

WARNING:tensorflow:From /home/mohammad/GraphZoom/graphzoom/embed_methods/graphsage/graphsage.py:231: The name tf.assign is deprecated. Please use tf.compat.v1.assign instead.

/home/mohammad/anaconda3/envs/graphzoom-tf1/lib/python3.7/site-packages/sklearn/utils/fixes.py:223: DeprecationWarning: distutils Version classes are deprecated. Use packaging.version instead.
  if _joblib.__version__ >= LooseVersion('0.12'):
Done loading training data..
Unexpected missing: 0
254 train nodes
0 test nodes
Epoch: 0001
Iter: 0000 train_loss= 18.57308 train_mrr= 0.57217 train_mrr_ema= 0.57217 val_loss= nan val_mrr= nan val_mrr_ema= nan time= 1.69814
Iter: 0050 train_loss= 16.88228 train_mrr= 0.68138 train_mrr_ema= 0.55429 val_loss= nan val_mrr= nan val_mrr_ema= nan time= 0.94604
Optimization Finished!
embed_start=  7.226996003
time.process_time()=  588.456315714
embed_time=  581.229336418
%%%%%% Starting Graph Refinement %%%%%%
%%%%%% Starting Evaluation %%%%%%
Loading data...
Running regression..
Test Accuracy:  0.685
%%%%%% CPU time %%%%%%
Graph Fusion     Time: 0
Graph Reduction  Time: 2.058
Graph Embedding  Time: 581.229
Graph Refinement Time: 0.024
Total Time = Fusion_time + Reduction_time + Embedding_time + Refinement_time = 583.311

%%%%%% CMG Detailed Timing %%%%%%
laplacian_construction   : 0.003s
spectral_filtering       : 0.005s
graph_reweighting        : 0.002s
cmg_clustering           : 0.002s
conductance_evaluation   : 0.020s
========================================
Wall clock end time: Mon Jul 28 11:00:19 AM EDT 2025
Wall clock end timestamp: 1753714819.040075542
Wall clock duration: 100.019395761s
Exit code: 0
