{
  "laplacian_construction": {
    "total": 0.004869222640991211,
    "mean": 0.001623074213663737,
    "count": 3,
    "latest": 0.0011239051818847656
  },
  "spectral_filtering": {
    "total": 0.014614343643188477,
    "mean": 0.004871447881062825,
    "count": 3,
    "latest": 0.0019533634185791016
  },
  "graph_reweighting": {
    "total": 0.10831332206726074,
    "mean": 0.036104440689086914,
    "count": 3,
    "latest": 0.00797724723815918
  },
  "cmg_clustering": {
    "total": 0.008614778518676758,
    "mean": 0.0028715928395589194,
    "count": 3,
    "latest": 0.0047762393951416016
  },
  "conductance_evaluation": {
    "total": 0.5290825366973877,
    "mean": 0.1763608455657959,
    "count": 3,
    "latest": 0.062392473220825195
  }
}