{
  "laplacian_construction": {
    "total": 0.0019230842590332031,
    "mean": 0.0019230842590332031,
    "count": 1,
    "latest": 0.0019230842590332031
  },
  "spectral_filtering": {
    "total": 0.0066375732421875,
    "mean": 0.0066375732421875,
    "count": 1,
    "latest": 0.0066375732421875
  },
  "graph_reweighting": {
    "total": 0.05894732475280762,
    "mean": 0.05894732475280762,
    "count": 1,
    "latest": 0.05894732475280762
  },
  "cmg_clustering": {
    "total": 0.002656698226928711,
    "mean": 0.002656698226928711,
    "count": 1,
    "latest": 0.002656698226928711
  },
  "conductance_evaluation": {
    "total": 0.23209905624389648,
    "mean": 0.23209905624389648,
    "count": 1,
    "latest": 0.23209905624389648
  }
}