{
  "laplacian_construction": {
    "total": 0.010645151138305664,
    "mean": 0.0017741918563842773,
    "count": 6,
    "latest": 0.002939939498901367
  },
  "spectral_filtering": {
    "total": 0.026535511016845703,
    "mean": 0.004422585169474284,
    "count": 6,
    "latest": 0.0038764476776123047
  },
  "graph_reweighting": {
    "total": 0.15918374061584473,
    "mean": 0.02653062343597412,
    "count": 6,
    "latest": 0.002465486526489258
  },
  "cmg_clustering": {
    "total": 0.017382383346557617,
    "mean": 0.002897063891092936,
    "count": 6,
    "latest": 0.002839803695678711
  },
  "conductance_evaluation": {
    "total": 0.8360834121704102,
    "mean": 0.13934723536173502,
    "count": 6,
    "latest": 0.03420448303222656
  }
}